row,t,dt,event,cause,intentOn,targetGuid,opcode,swingTimerOwner,weaponSpeedMs,rangeEligibility,arcEligibility,clientAction,distance,bearingDelta,clipId,clipName,clipTime,clipB,clipBTime,blendWeight,animChoice,detail
0,0.000000,0.000000,TraceStart,operator,false,0x0000000000000000,,server,,unchecked,unchecked,none,-1,,26,Ready1H,17.007261,,,,26->26:Exact,server-authoritative swing timing; client range/arc gates absent
1,0.013438,0.013438,Tick,live-sample,false,0x0000000000000000,,server,,unchecked,unchecked,none,-1,,26,Ready1H,17.020699,,,,26->26:Exact,none; server owns swing cadence
2,0.013438,0.000000,AttackSwingSend,network-session-send,false,0xF13000007900B1EF,CMSG_ATTACKSWING,server,,unchecked,unchecked,none,75.71325,-0.77479786,26,Ready1H,17.020699,,,,26->26:Exact,CMSG_ATTACKSWING
3,0.013438,0.000000,IntentOn,user-start,true,0xF13000007900B1EF,,server,,unchecked,unchecked,none,75.71325,-0.77479786,26,Ready1H,17.020699,,,,26->26:Exact,local attack latch edge
4,0.029931,0.016493,Tick,live-sample,true,0xF13000007900B1EF,,server,,unchecked,unchecked,none,75.75235,-0.7747921,26,Ready1H,17.037191,,,,26->26:Exact,none; server owns swing cadence
5,0.046746,0.016815,Tick,live-sample,true,0xF13000007900B1EF,,server,,unchecked,unchecked,none,75.754944,-0.8276193,26,Ready1H,17.054007,,,,26->26:Exact,none; server owns swing cadence
6,0.046746,0.000000,AttackStopReceive,server,true,0xF13000007900B1EF,SMSG_ATTACKSTOP,server,,unchecked,unchecked,none,75.754944,-0.8276193,26,Ready1H,17.054007,,,,26->26:Exact,attacker=0x0000000000000001 victimDied=False
7,0.046746,0.000000,AttackStartReceive,server,true,0xF13000007900B1EF,SMSG_ATTACKSTART,server,,unchecked,unchecked,none,75.754944,-0.8276193,26,Ready1H,17.054007,,,,26->26:Exact,attacker=0x0000000000000001
8,0.046746,0.000000,AnimChoice,animator,true,0xF13000007900B1EF,,server,,unchecked,unchecked,none,75.67501,-0.87073535,26,Ready1H,17.054007,,,,5->5:Exact,track=0 requested=5 played=5 kind=Exact base=26:Ready1H clipB= blendWeight=0
9,0.064510,0.017765,Tick,live-sample,true,0xF13000007900B1EF,,server,,unchecked,unchecked,none,75.67501,-0.87073535,5,Run,0.01790702,Ready1H,17.071772,0.014430761,5->5:Exact,none; server owns swing cadence
10,0.080041,0.015531,Tick,live-sample,true,0xF13000007900B1EF,,server,,unchecked,unchecked,none,75.60785,-0.908458,5,Run,0.033562064,Ready1H,17.087303,0.04848826,5->5:Exact,none; server owns swing cadence
11,0.096977,0.016935,Tick,live-sample,true,0xF13000007900B1EF,,server,,unchecked,unchecked,none,75.49807,-0.9497877,5,Run,0.05063305,Ready1H,17.104239,0.10488927,5->5:Exact,none; server owns swing cadence
12,0.113407,0.016430,Tick,live-sample,true,0xF13000007900B1EF,,server,,unchecked,unchecked,none,75.393524,-0.9899174,5,Run,0.06719479,Ready1H,17.120668,0.17538315,5->5:Exact,none; server owns swing cadence
13,0.130144,0.016737,Tick,live-sample,true,0xF13000007900B1EF,,server,,unchecked,unchecked,none,75.29468,-1.0308294,5,Run,0.08406599,Ready1H,17.137405,0.25960845,5->5:Exact,none; server owns swing cadence
14,0.146754,0.016609,Tick,live-sample,true,0xF13000007900B1EF,,server,,unchecked,unchecked,none,75.19879,-1.0714803,5,Run,0.10080826,Ready1H,17.154015,0.35204715,5->5:Exact,none; server owns swing cadence
15,0.163583,0.016829,Tick,live-sample,true,0xF13000007900B1EF,,server,,unchecked,unchecked,none,75.10578,-1.1126896,5,Run,0.117771596,Ready1H,17.170843,0.451091,5->5:Exact,none; server owns swing cadence
16,0.180105,0.016522,Tick,live-sample,true,0xF13000007900B1EF,,server,,unchecked,unchecked,none,75.02045,-1.1531715,5,Run,0.13442607,Ready1H,17.187365,0.5500804,5->5:Exact,none; server owns swing cadence
17,0.196805,0.016700,Tick,live-sample,true,0xF13000007900B1EF,,server,,unchecked,unchecked,none,74.93682,-1.1941307,5,Run,0.15125997,Ready1H,17.204065,0.6483426,5->5:Exact,none; server owns swing cadence
18,0.215458,0.018653,Tick,live-sample,true,0xF13000007900B1EF,,server,,unchecked,unchecked,none,74.84896,-1.2399045,5,Run,0.1700621,Ready1H,17.222717,0.7515832,5->5:Exact,none; server owns swing cadence
19,0.230062,0.014604,Tick,live-sample,true,0xF13000007900B1EF,,server,,unchecked,unchecked,none,74.785645,-1.27575,5,Run,0.18478262,Ready1H,17.237322,0.82451165,5->5:Exact,none; server owns swing cadence
20,0.250684,0.020623,Tick,live-sample,true,0xF13000007900B1EF,,server,,unchecked,unchecked,none,74.7009,-1.3264184,5,Run,0.2055704,Ready1H,17.257944,0.91067064,5->5:Exact,none; server owns swing cadence
21,0.264407,0.013722,Tick,live-sample,true,0xF13000007900B1EF,,server,,unchecked,unchecked,none,74.647194,-1.3601403,5,Run,0.21940267,Ready1H,17.271667,0.9541311,5->5:Exact,none; server owns swing cadence
22,0.280325,0.015918,Tick,live-sample,true,0xF13000007900B1EF,,server,,unchecked,unchecked,none,74.590225,-1.3992739,5,Run,0.23544832,Ready1H,17.287586,0.98762465,5->5:Exact,none; server owns swing cadence
23,0.299675,0.019349,Tick,live-sample,true,0xF13000007900B1EF,,server,,unchecked,unchecked,none,74.528366,-1.4468513,5,Run,0.25495252,,,,5->5:Exact,none; server owns swing cadence
24,0.313516,0.013842,Tick,live-sample,true,0xF13000007900B1EF,,server,,unchecked,unchecked,none,74.48693,-1.4809039,5,Run,0.26890495,,,,5->5:Exact,none; server owns swing cadence
25,0.330395,0.016878,Tick,live-sample,true,0xF13000007900B1EF,,server,,unchecked,unchecked,none,74.440285,-1.5224172,5,Run,0.28591818,,,,5->5:Exact,none; server owns swing cadence
26,0.347162,0.016768,Tick,live-sample,true,0xF13000007900B1EF,,server,,unchecked,unchecked,none,74.40136,-1.5636623,5,Run,0.3028202,,,,5->5:Exact,none; server owns swing cadence
27,0.363912,0.016749,Tick,live-sample,true,0xF13000007900B1EF,,server,,unchecked,unchecked,none,74.365,-1.6048701,5,Run,0.3197037,,,,5->5:Exact,none; server owns swing cadence
28,0.380426,0.016514,Tick,live-sample,true,0xF13000007900B1EF,,server,,unchecked,unchecked,none,74.33258,-1.6454916,5,Run,0.3363502,,,,5->5:Exact,none; server owns swing cadence
29,0.397339,0.016913,Tick,live-sample,true,0xF13000007900B1EF,,server,,unchecked,unchecked,none,74.306465,-1.687101,5,Run,0.3533985,,,,5->5:Exact,none; server owns swing cadence
30,0.414063,0.016723,Tick,live-sample,true,0xF13000007900B1EF,,server,,unchecked,unchecked,none,74.2865,-1.7282174,5,Run,0.3702555,,,,5->5:Exact,none; server owns swing cadence
31,0.430624,0.016562,Tick,live-sample,true,0xF13000007900B1EF,,server,,unchecked,unchecked,none,74.26896,-1.7689415,5,Run,0.38694948,,,,5->5:Exact,none; server owns swing cadence
32,0.447236,0.016611,Tick,live-sample,true,0xF13000007900B1EF,,server,,unchecked,unchecked,none,74.2584,-1.8097627,5,Run,0.40369388,,,,5->5:Exact,none; server owns swing cadence
33,0.464750,0.017514,Tick,live-sample,true,0xF13000007900B1EF,,server,,unchecked,unchecked,none,74.24916,-1.8527919,5,Run,0.4213481,,,,5->5:Exact,none; server owns swing cadence
34,0.480445,0.015695,Tick,live-sample,true,0xF13000007900B1EF,,server,,unchecked,unchecked,none,74.24558,-1.8913405,5,Run,0.43716916,,,,5->5:Exact,none; server owns swing cadence
35,0.497260,0.016815,Tick,live-sample,true,0xF13000007900B1EF,,server,,unchecked,unchecked,none,74.24972,-1.932611,5,Run,0.4541188,,,,5->5:Exact,none; server owns swing cadence
36,0.515215,0.017954,Tick,live-sample,true,0xF13000007900B1EF,,server,,unchecked,unchecked,none,74.25624,-1.9766507,5,Run,0.47221673,,,,5->5:Exact,none; server owns swing cadence
37,0.530636,0.015422,Tick,live-sample,true,0xF13000007900B1EF,,server,,unchecked,unchecked,none,74.26459,-2.0144649,5,Run,0.4877619,,,,5->5:Exact,none; server owns swing cadence
38,0.547174,0.016538,Tick,live-sample,true,0xF13000007900B1EF,,server,,unchecked,unchecked,none,74.28035,-2.0549765,5,Run,0.50443184,,,,5->5:Exact,none; server owns swing cadence
39,0.565355,0.018181,Tick,live-sample,true,0xF13000007900B1EF,,server,,unchecked,unchecked,none,74.29936,-2.09949,5,Run,0.5227583,,,,5->5:Exact,none; server owns swing cadence
40,0.580479,0.015124,Tick,live-sample,true,0xF13000007900B1EF,,server,,unchecked,unchecked,none,74.32021,-2.1364799,5,Run,0.5380031,,,,5->5:Exact,none; server owns swing cadence
41,0.597345,0.016866,Tick,live-sample,true,0xF13000007900B1EF,,server,,unchecked,unchecked,none,74.34788,-2.1777105,5,Run,0.55500394,,,,5->5:Exact,none; server owns swing cadence
42,0.614099,0.016754,Tick,live-sample,true,0xF13000007900B1EF,,server,,unchecked,unchecked,none,74.380264,-2.2186074,5,Run,0.5718919,,,,5->5:Exact,none; server owns swing cadence
43,0.631094,0.016995,Tick,live-sample,true,0xF13000007900B1EF,,server,,unchecked,unchecked,none,74.4158,-2.2600656,5,Run,0.5890229,,,,5->5:Exact,none; server owns swing cadence
44,0.647301,0.016208,Tick,live-sample,true,0xF13000007900B1EF,,server,,unchecked,unchecked,none,74.45126,-2.2995718,5,Run,0.60536015,,,,5->5:Exact,none; server owns swing cadence
45,0.664525,0.017224,Tick,live-sample,true,0xF13000007900B1EF,,server,,unchecked,unchecked,none,74.49464,-2.3414907,5,Run,0.62272155,,,,5->5:Exact,none; server owns swing cadence
46,0.680854,0.016329,Tick,live-sample,true,0xF13000007900B1EF,,server,,unchecked,unchecked,none,74.53984,-2.3811972,5,Run,0.6391814,,,,5->5:Exact,none; server owns swing cadence
47,0.697265,0.016411,Tick,live-sample,true,0xF13000007900B1EF,,server,,unchecked,unchecked,none,74.588875,-2.421059,5,Run,0.65572405,,,,5->5:Exact,none; server owns swing cadence
48,0.714130,0.016864,Tick,live-sample,true,0xF13000007900B1EF,,server,,unchecked,unchecked,none,74.6411,-2.461979,5,Run,0.6727235,,,,5->5:Exact,none; server owns swing cadence
49,0.730670,0.016540,Tick,live-sample,true,0xF13000007900B1EF,,server,,unchecked,unchecked,none,74.693405,-2.502055,5,Run,0.6893961,,,,5->5:Exact,none; server owns swing cadence
50,0.747574,0.016904,Tick,live-sample,true,0xF13000007900B1EF,,server,,unchecked,unchecked,none,74.751144,-2.5429635,5,Run,0.7064351,,,,5->5:Exact,none; server owns swing cadence
51,0.764174,0.016600,Tick,live-sample,true,0xF13000007900B1EF,,server,,unchecked,unchecked,none,74.811844,-2.583071,5,Run,0.72316766,,,,5->5:Exact,none; server owns swing cadence
52,0.780923,0.016750,Tick,live-sample,true,0xF13000007900B1EF,,server,,unchecked,unchecked,none,74.87358,-2.6234963,5,Run,0.74005127,,,,5->5:Exact,none; server owns swing cadence
53,0.797565,0.016641,Tick,live-sample,true,0xF13000007900B1EF,,server,,unchecked,unchecked,none,74.937454,-2.6636128,5,Run,0.7568259,,,,5->5:Exact,none; server owns swing cadence
54,0.814187,0.016622,Tick,live-sample,true,0xF13000007900B1EF,,server,,unchecked,unchecked,none,75.005646,-2.703618,5,Run,0.7735812,,,,5->5:Exact,none; server owns swing cadence
55,0.830880,0.016692,Tick,live-sample,true,0xF13000007900B1EF,,server,,unchecked,unchecked,none,75.07402,-2.743745,5,Run,0.7904071,,,,5->5:Exact,none; server owns swing cadence
56,0.847381,0.016501,Tick,live-sample,true,0xF13000007900B1EF,,server,,unchecked,unchecked,none,75.14198,-2.7833486,5,Run,0.80704033,,,,5->5:Exact,none; server owns swing cadence
57,0.867653,0.020273,Tick,live-sample,true,0xF13000007900B1EF,,server,,unchecked,unchecked,none,75.23073,-2.8319144,5,Run,0.827475,,,,5->5:Exact,none; server owns swing cadence
58,0.880821,0.013167,Tick,live-sample,true,0xF13000007900B1EF,,server,,unchecked,unchecked,none,75.28939,-2.863427,5,Run,0.84074783,,,,5->5:Exact,none; server owns swing cadence
59,0.902300,0.021480,Tick,live-sample,true,0xF13000007900B1EF,,server,,unchecked,unchecked,none,75.38412,-2.9147243,5,Run,0.8623994,,,,5->5:Exact,none; server owns swing cadence
60,0.914084,0.011783,Tick,live-sample,true,0xF13000007900B1EF,,server,,unchecked,unchecked,none,75.43943,-2.9428277,5,Run,0.8742769,,,,5->5:Exact,none; server owns swing cadence
61,0.931021,0.016938,Tick,live-sample,true,0xF13000007900B1EF,,server,,unchecked,unchecked,none,75.51684,-2.9831722,5,Run,0.8913501,,,,5->5:Exact,none; server owns swing cadence
62,0.947788,0.016767,Tick,live-sample,true,0xF13000007900B1EF,,server,,unchecked,unchecked,none,75.5933,-3.0230494,5,Run,0.9082509,,,,5->5:Exact,none; server owns swing cadence
63,0.964382,0.016594,Tick,live-sample,true,0xF13000007900B1EF,,server,,unchecked,unchecked,none,75.669624,-3.0624611,5,Run,0.9249779,,,,5->5:Exact,none; server owns swing cadence
64,0.980896,0.016514,Tick,live-sample,true,0xF13000007900B1EF,,server,,unchecked,unchecked,none,75.74808,-3.1016111,5,Run,0.9416236,,,,5->5:Exact,none; server owns swing cadence
65,0.997738,0.016842,Tick,live-sample,true,0xF13000007900B1EF,,server,,unchecked,unchecked,none,75.82615,-3.1414814,5,Run,0.95860064,,,,5->5:Exact,none; server owns swing cadence
66,1.014507,0.016769,Tick,live-sample,true,0xF13000007900B1EF,,server,,unchecked,unchecked,none,75.903175,-3.181116,5,Run,0.9755039,,,,5->5:Exact,none; server owns swing cadence
67,1.030948,0.016440,Tick,live-sample,true,0xF13000007900B1EF,,server,,unchecked,unchecked,none,75.98061,-3.2199116,5,Run,0.9920759,,,,5->5:Exact,none; server owns swing cadence
68,1.047886,0.016939,Tick,live-sample,true,0xF13000007900B1EF,,server,,unchecked,unchecked,none,76.05889,-3.259828,5,Run,1.0091501,,,,5->5:Exact,none; server owns swing cadence
69,1.065581,0.017695,Tick,live-sample,true,0xF13000007900B1EF,,server,,unchecked,unchecked,none,76.13904,-3.3014593,5,Run,1.0269864,,,,5->5:Exact,none; server owns swing cadence
70,1.065581,0.000000,CombatReceive,server,true,0x0000000000000000,SMSG_LOG_XPGAIN,server,,unchecked,unchecked,none,-1,,5,Run,1.0269864,,,,5->5:Exact,CombatXpGain
71,1.081072,0.015491,Tick,live-sample,true,0xF13000007900B1EF,,server,,unchecked,unchecked,none,76.20778,-3.3378544,5,Run,1.0426012,,,,5->5:Exact,none; server owns swing cadence
72,1.097889,0.016817,Tick,live-sample,true,0xF13000007900B1EF,,server,,unchecked,unchecked,none,76.284546,-3.3772912,5,Run,1.0595523,,,,5->5:Exact,none; server owns swing cadence
73,1.114434,0.016545,Tick,live-sample,true,0xF13000007900B1EF,,server,,unchecked,unchecked,none,76.35551,-3.416041,5,Run,1.0762299,,,,5->5:Exact,none; server owns swing cadence
74,1.131408,0.016974,Tick,live-sample,true,0xF13000007900B1EF,,server,,unchecked,unchecked,none,76.429,-3.4557438,5,Run,1.0933403,,,,5->5:Exact,none; server owns swing cadence
75,1.147624,0.016216,Tick,live-sample,true,0xF13000007900B1EF,,server,,unchecked,unchecked,none,76.497826,-3.4936137,5,Run,1.1096857,,,,5->5:Exact,none; server owns swing cadence
76,1.165040,0.017416,Tick,live-sample,true,0xF13000007900B1EF,,server,,unchecked,unchecked,none,76.57096,-3.5342267,5,Run,1.1272408,,,,5->5:Exact,none; server owns swing cadence
77,1.181034,0.015994,Tick,live-sample,true,0xF13000007900B1EF,,server,,unchecked,unchecked,none,76.635,-3.5714715,5,Run,1.1433625,,,,5->5:Exact,none; server owns swing cadence
78,1.197754,0.016720,Tick,live-sample,true,0xF13000007900B1EF,,server,,unchecked,unchecked,none,76.698906,-3.6103544,5,Run,1.1602168,,,,5->5:Exact,none; server owns swing cadence
79,1.214852,0.017098,Tick,live-sample,true,0xF13000007900B1EF,,server,,unchecked,unchecked,none,76.76401,-3.6500716,5,Run,1.1774518,,,,5->5:Exact,none; server owns swing cadence
80,1.231307,0.016454,Tick,live-sample,true,0xF13000007900B1EF,,server,,unchecked,unchecked,none,76.822205,-3.6882405,5,Run,1.1940378,,,,5->5:Exact,none; server owns swing cadence
81,1.247949,0.016642,Tick,live-sample,true,0xF13000007900B1EF,,server,,unchecked,unchecked,none,76.88208,-3.7267904,5,Run,1.2108134,,,,5->5:Exact,none; server owns swing cadence
82,1.264862,0.016912,Tick,live-sample,true,0xF13000007900B1EF,,server,,unchecked,unchecked,none,76.9388,-3.7659287,5,Run,1.227861,,,,5->5:Exact,none; server owns swing cadence
83,1.281139,0.016278,Tick,live-sample,true,0xF13000007900B1EF,,server,,unchecked,unchecked,none,76.99098,-3.803543,5,Run,1.2442689,,,,5->5:Exact,none; server owns swing cadence
84,1.297922,0.016783,Tick,live-sample,true,0xF13000007900B1EF,,server,,unchecked,unchecked,none,77.04025,-3.842278,5,Run,1.2611862,,,,5->5:Exact,none; server owns swing cadence
85,1.314970,0.017048,Tick,live-sample,true,0xF13000007900B1EF,,server,,unchecked,unchecked,none,77.08906,-3.8815875,5,Run,1.2783703,,,,5->5:Exact,none; server owns swing cadence
86,1.331458,0.016488,Tick,live-sample,true,0xF13000007900B1EF,,server,,unchecked,unchecked,none,77.13191,-3.919572,5,Run,1.2949904,,,,5->5:Exact,none; server owns swing cadence
87,1.348352,0.016894,Tick,live-sample,true,0xF13000007900B1EF,,server,,unchecked,unchecked,none,77.17244,-3.9584353,5,Run,1.3120198,,,,5->5:Exact,none; server owns swing cadence
88,1.365487,0.017135,Tick,live-sample,true,0xF13000007900B1EF,,server,,unchecked,unchecked,none,77.21132,-3.9978147,5,Run,1.3292917,,,,5->5:Exact,none; server owns swing cadence
89,1.381392,0.015904,Tick,live-sample,true,0xF13000007900B1EF,,server,,unchecked,unchecked,none,77.24363,-4.034336,5,Run,1.3453234,,,,5->5:Exact,none; server owns swing cadence
90,1.397962,0.016571,Tick,live-sample,true,0xF13000007900B1EF,,server,,unchecked,unchecked,none,77.275345,-4.072342,5,Run,1.3620268,,,,5->5:Exact,none; server owns swing cadence
91,1.414926,0.016963,Tick,live-sample,true,0xF13000007900B1EF,,server,,unchecked,unchecked,none,77.30195,-4.1112165,5,Run,1.379126,,,,5->5:Exact,none; server owns swing cadence
92,1.431497,0.016572,Tick,live-sample,true,0xF13000007900B1EF,,server,,unchecked,unchecked,none,77.32435,-4.149174,5,Run,1.3958302,,,,5->5:Exact,none; server owns swing cadence
93,1.451259,0.019762,Tick,live-sample,true,0xF13000007900B1EF,,server,,unchecked,unchecked,none,77.34831,-4.194381,5,Run,1.41575,,,,5->5:Exact,none; server owns swing cadence
94,1.466252,0.014993,Tick,live-sample,true,0xF13000007900B1EF,,server,,unchecked,unchecked,none,77.36167,-4.22866,5,Run,1.4308627,,,,5->5:Exact,none; server owns swing cadence
95,1.481490,0.015238,Tick,live-sample,true,0xF13000007900B1EF,,server,,unchecked,unchecked,none,77.37057,-4.2634883,5,Run,1.4462229,,,,5->5:Exact,none; server owns swing cadence
96,1.498078,0.016588,Tick,live-sample,true,0xF13000007900B1EF,,server,,unchecked,unchecked,none,77.379524,-4.3013644,5,Run,1.4629432,,,,5->5:Exact,none; server owns swing cadence
97,1.514956,0.016878,Tick,live-sample,true,0xF13000007900B1EF,,server,,unchecked,unchecked,none,77.38164,-4.3398743,5,Run,1.4799563,,,,5->5:Exact,none; server owns swing cadence
98,1.531614,0.016658,Tick,live-sample,true,0xF13000007900B1EF,,server,,unchecked,unchecked,none,77.3803,-4.377879,5,Run,1.4967475,,,,5->5:Exact,none; server owns swing cadence
99,1.548378,0.016764,Tick,live-sample,true,0xF13000007900B1EF,,server,,unchecked,unchecked,none,77.37464,-4.4161034,5,Run,1.5136458,,,,5->5:Exact,none; server owns swing cadence
100,1.565782,0.017404,Tick,live-sample,true,0xF13000007900B1EF,,server,,unchecked,unchecked,none,77.36455,-4.4557505,5,Run,1.5311893,,,,5->5:Exact,none; server owns swing cadence
101,1.581653,0.015870,Tick,live-sample,true,0xF13000007900B1EF,,server,,unchecked,unchecked,none,77.351166,-4.491907,5,Run,1.5471867,,,,5->5:Exact,none; server owns swing cadence
102,1.598093,0.016440,Tick,live-sample,true,0xF13000007900B1EF,,server,,unchecked,unchecked,none,77.33448,-4.5293417,5,Run,1.5637586,,,,5->5:Exact,none; server owns swing cadence
103,1.615025,0.016932,Tick,live-sample,true,0xF13000007900B1EF,,server,,unchecked,unchecked,none,77.31156,-4.567895,5,Run,1.5808263,,,,5->5:Exact,none; server owns swing cadence
104,1.631476,0.016451,Tick,live-sample,true,0xF13000007900B1EF,,server,,unchecked,unchecked,none,77.28307,-4.6053367,5,Run,1.5974084,,,,5->5:Exact,none; server owns swing cadence
105,1.648332,0.016856,Tick,live-sample,true,0xF13000007900B1EF,,server,,unchecked,unchecked,none,77.25142,-4.643705,5,Run,1.6143997,,,,5->5:Exact,none; server owns swing cadence
106,1.665056,0.016724,Tick,live-sample,true,0xF13000007900B1EF,,server,,unchecked,unchecked,none,77.21749,-4.6817575,5,Run,1.6312577,,,,5->5:Exact,none; server owns swing cadence
107,1.681885,0.016829,Tick,live-sample,true,0xF13000007900B1EF,,server,,unchecked,unchecked,none,77.175446,-4.7200403,5,Run,1.6482211,,,,5->5:Exact,none; server owns swing cadence
108,1.698251,0.016366,Tick,live-sample,true,0xF13000007900B1EF,,server,,unchecked,unchecked,none,77.13266,-4.757282,5,Run,1.6647183,,,,5->5:Exact,none; server owns swing cadence
109,1.715013,0.016761,Tick,live-sample,true,0xF13000007900B1EF,,server,,unchecked,unchecked,none,77.08267,-4.7954245,5,Run,1.6816137,,,,5->5:Exact,none; server owns swing cadence
110,1.731609,0.016596,Tick,live-sample,true,0xF13000007900B1EF,,server,,unchecked,unchecked,none,77.068535,-4.8330317,5,Run,1.6983426,,,,5->5:Exact,none; server owns swing cadence
111,1.748488,0.016879,Tick,live-sample,true,0xF13000007900B1EF,,server,,unchecked,unchecked,none,77.04941,-4.871285,5,Run,1.7153567,,,,5->5:Exact,none; server owns swing cadence
112,1.766318,0.017830,Tick,live-sample,true,0xF13000007900B1EF,,server,,unchecked,unchecked,none,77.02468,-4.9117093,5,Run,1.7333293,,,,5->5:Exact,none; server owns swing cadence
113,1.781547,0.015229,Tick,live-sample,true,0xF13000007900B1EF,,server,,unchecked,unchecked,none,77.00004,-4.946247,5,Run,1.7486802,,,,5->5:Exact,none; server owns swing cadence
114,1.798568,0.017021,Tick,live-sample,true,0xF13000007900B1EF,,server,,unchecked,unchecked,none,76.930435,-4.9851103,5,Run,1.7658378,,,,5->5:Exact,none; server owns swing cadence
115,1.815159,0.016591,Tick,live-sample,true,0xF13000007900B1EF,,server,,unchecked,unchecked,none,76.8594,-5.022997,5,Run,1.7825614,,,,5->5:Exact,none; server owns swing cadence
116,1.831560,0.016401,Tick,live-sample,true,0xF13000007900B1EF,,server,,unchecked,unchecked,none,76.78173,-5.06047,5,Run,1.7990935,,,,5->5:Exact,none; server owns swing cadence
117,1.848368,0.016808,Tick,live-sample,true,0xF13000007900B1EF,,server,,unchecked,unchecked,none,76.69924,-5.098896,5,Run,1.8160362,,,,5->5:Exact,none; server owns swing cadence
118,1.866066,0.017697,Tick,live-sample,true,0xF13000007900B1EF,,server,,unchecked,unchecked,none,76.60976,-5.139363,5,Run,1.8338751,,,,5->5:Exact,none; server owns swing cadence
119,1.881876,0.015810,Tick,live-sample,true,0xF13000007900B1EF,,server,,unchecked,unchecked,none,76.52433,-5.175549,5,Run,1.8498118,,,,5->5:Exact,none; server owns swing cadence
120,1.898762,0.016886,Tick,live-sample,true,0xF13000007900B1EF,,server,,unchecked,unchecked,none,76.42977,-5.214226,5,Run,1.8668325,,,,5->5:Exact,none; server owns swing cadence
121,1.915432,0.016670,Tick,live-sample,true,0xF13000007900B1EF,,server,,unchecked,unchecked,none,76.331924,-5.2524385,5,Run,1.883636,,,,5->5:Exact,none; server owns swing cadence
122,1.931846,0.016414,Tick,live-sample,true,0xF13000007900B1EF,,server,,unchecked,unchecked,none,76.232475,-5.2900686,5,Run,1.9001818,,,,5->5:Exact,none; server owns swing cadence
123,1.949001,0.017155,Tick,live-sample,true,0xF13000007900B1EF,,server,,unchecked,unchecked,none,76.12474,-5.329445,5,Run,1.9174738,,,,5->5:Exact,none; server owns swing cadence
124,1.966397,0.017397,Tick,live-sample,true,0xF13000007900B1EF,,server,,unchecked,unchecked,none,76.01024,-5.369425,5,Run,1.9350095,,,,5->5:Exact,none; server owns swing cadence
125,1.982042,0.015645,Tick,live-sample,true,0xF13000007900B1EF,,server,,unchecked,unchecked,none,75.90721,-5.4053984,5,Run,1.9507798,,,,5->5:Exact,none; server owns swing cadence
126,1.998436,0.016393,Tick,live-sample,true,0xF13000007900B1EF,,server,,unchecked,unchecked,none,75.792595,-5.4431424,5,Run,1.967304,,,,5->5:Exact,none; server owns swing cadence
127,2.015619,0.017184,Tick,live-sample,true,0xF13000007900B1EF,,server,,unchecked,unchecked,none,75.67015,-5.482723,5,Run,1.9846251,,,,5->5:Exact,none; server owns swing cadence
128,2.031997,0.016378,Tick,live-sample,true,0xF13000007900B1EF,,server,,unchecked,unchecked,none,75.55169,0.76268643,5,Run,2.0011344,,,,5->5:Exact,none; server owns swing cadence
129,2.048660,0.016663,Tick,live-sample,true,0xF13000007900B1EF,,server,,unchecked,unchecked,none,75.42649,0.72420615,5,Run,2.0179303,,,,5->5:Exact,none; server owns swing cadence
130,2.065914,0.017254,Tick,live-sample,true,0xF13000007900B1EF,,server,,unchecked,unchecked,none,75.29488,0.6843218,5,Run,2.035322,,,,5->5:Exact,none; server owns swing cadence
131,2.081817,0.015903,Tick,live-sample,true,0xF13000007900B1EF,,server,,unchecked,unchecked,none,75.17041,0.6475157,5,Run,2.051352,,,,5->5:Exact,none; server owns swing cadence
132,2.098798,0.016981,Tick,live-sample,true,0xF13000007900B1EF,,server,,unchecked,unchecked,none,75.03468,0.6081644,5,Run,2.0684693,,,,5->5:Exact,none; server owns swing cadence
133,2.115385,0.016587,Tick,live-sample,true,0xF13000007900B1EF,,server,,unchecked,unchecked,none,74.89843,0.5696819,5,Run,2.0851889,,,,5->5:Exact,none; server owns swing cadence
134,2.132154,0.016769,Tick,live-sample,true,0xF13000007900B1EF,,server,,unchecked,unchecked,none,74.761024,0.53073853,5,Run,2.1020918,,,,5->5:Exact,none; server owns swing cadence
135,2.148896,0.016742,Tick,live-sample,true,0xF13000007900B1EF,,server,,unchecked,unchecked,none,74.619736,0.49178696,5,Run,2.118968,,,,5->5:Exact,none; server owns swing cadence
136,2.165364,0.016468,Tick,live-sample,true,0xF13000007900B1EF,,server,,unchecked,unchecked,none,74.47799,0.45342022,5,Run,2.1355681,,,,5->5:Exact,none; server owns swing cadence
137,2.181772,0.016407,Tick,live-sample,true,0xF13000007900B1EF,,server,,unchecked,unchecked,none,74.33699,0.41515285,5,Run,2.1521068,,,,5->5:Exact,none; server owns swing cadence
138,2.198939,0.017167,Tick,live-sample,true,0xF13000007900B1EF,,server,,unchecked,unchecked,none,74.195816,0.3751127,5,Run,2.1694112,,,,5->5:Exact,none; server owns swing cadence
139,2.216217,0.017278,Tick,live-sample,true,0xF13000007900B1EF,,server,,unchecked,unchecked,none,74.08158,0.334938,5,Run,2.1868277,,,,5->5:Exact,none; server owns swing cadence
140,2.231804,0.015587,Tick,live-sample,true,0xF13000007900B1EF,,server,,unchecked,unchecked,none,73.977455,0.29864419,5,Run,2.2025392,,,,5->5:Exact,none; server owns swing cadence
141,2.248781,0.016977,Tick,live-sample,true,0xF13000007900B1EF,,server,,unchecked,unchecked,none,73.86239,0.25905746,5,Run,2.219652,,,,5->5:Exact,none; server owns swing cadence
142,2.266268,0.017487,Tick,live-sample,true,0xF13000007900B1EF,,server,,unchecked,unchecked,none,73.74306,0.21821141,5,Run,2.2372787,,,,5->5:Exact,none; server owns swing cadence
143,2.281928,0.015660,Tick,live-sample,true,0xF13000007900B1EF,,server,,unchecked,unchecked,none,73.63517,0.1815821,5,Run,2.2530644,,,,5->5:Exact,none; server owns swing cadence
144,2.298746,0.016818,Tick,live-sample,true,0xF13000007900B1EF,,server,,unchecked,unchecked,none,73.51861,0.1421817,5,Run,2.2700171,,,,5->5:Exact,none; server owns swing cadence
145,2.315550,0.016804,Tick,live-sample,true,0xF13000007900B1EF,,server,,unchecked,unchecked,none,73.39055,0.102201045,5,Run,2.2869558,,,,5->5:Exact,none; server owns swing cadence
146,2.332049,0.016499,Tick,live-sample,true,0xF13000007900B1EF,,server,,unchecked,unchecked,none,73.26529,0.062901616,5,Run,2.3035862,,,,5->5:Exact,none; server owns swing cadence
147,2.348715,0.016666,Tick,live-sample,true,0xF13000007900B1EF,,server,,unchecked,unchecked,none,73.13777,0.023116708,5,Run,2.320386,,,,5->5:Exact,none; server owns swing cadence
148,2.366298,0.017583,Tick,live-sample,true,0xF13000007900B1EF,,server,,unchecked,unchecked,none,73.00379,-0.018939734,5,Run,2.3381095,,,,5->5:Exact,none; server owns swing cadence
149,2.382197,0.015899,Tick,live-sample,true,0xF13000007900B1EF,,server,,unchecked,unchecked,none,72.88239,-0.05697024,5,Run,2.354136,,,,5->5:Exact,none; server owns swing cadence
150,2.399037,0.016840,Tick,live-sample,true,0xF13000007900B1EF,,server,,unchecked,unchecked,none,72.754654,-0.09736532,5,Run,2.3711104,,,,5->5:Exact,none; server owns swing cadence
151,2.415606,0.016569,Tick,live-sample,true,0xF13000007900B1EF,,server,,unchecked,unchecked,none,72.62865,-0.13717723,5,Run,2.3878117,,,,5->5:Exact,none; server owns swing cadence
152,2.432471,0.016865,Tick,live-sample,true,0xF13000007900B1EF,,server,,unchecked,unchecked,none,72.501785,-0.17776173,5,Run,2.404812,,,,5->5:Exact,none; server owns swing cadence
153,2.448817,0.016345,Tick,live-sample,true,0xF13000007900B1EF,,server,,unchecked,unchecked,none,72.38027,-0.21714538,5,Run,2.4212883,,,,5->5:Exact,none; server owns swing cadence
154,2.465826,0.017009,Tick,live-sample,true,0xF13000007900B1EF,,server,,unchecked,unchecked,none,72.254166,-0.25820088,5,Run,2.4384334,,,,5->5:Exact,none; server owns swing cadence
155,2.482109,0.016284,Tick,live-sample,true,0xF13000007900B1EF,,server,,unchecked,unchecked,none,72.13539,-0.2975632,5,Run,2.4548473,,,,5->5:Exact,none; server owns swing cadence
156,2.498949,0.016839,Tick,live-sample,true,0xF13000007900B1EF,,server,,unchecked,unchecked,none,72.01345,-0.33834273,5,Run,2.471821,,,,5->5:Exact,none; server owns swing cadence
157,2.515846,0.016898,Tick,live-sample,true,0xF13000007900B1EF,,server,,unchecked,unchecked,none,71.89342,-0.37933582,5,Run,2.488854,,,,5->5:Exact,none; server owns swing cadence
158,2.532324,0.016477,Tick,live-sample,true,0xF13000007900B1EF,,server,,unchecked,unchecked,none,71.77767,-0.41937947,5,Run,2.5054631,,,,5->5:Exact,none; server owns swing cadence
159,2.549009,0.016685,Tick,live-sample,true,0xF13000007900B1EF,,server,,unchecked,unchecked,none,71.66355,-0.4599532,5,Run,2.5222816,,,,5->5:Exact,none; server owns swing cadence
160,2.566613,0.017604,Tick,live-sample,true,0xF13000007900B1EF,,server,,unchecked,unchecked,none,71.544014,-0.50285596,5,Run,2.5400264,,,,5->5:Exact,none; server owns swing cadence
161,2.582256,0.015643,Tick,live-sample,true,0xF13000007900B1EF,,server,,unchecked,unchecked,none,71.44096,-0.5410038,5,Run,2.5557952,,,,5->5:Exact,none; server owns swing cadence
162,2.599245,0.016989,Tick,live-sample,true,0xF13000007900B1EF,,server,,unchecked,unchecked,none,71.33391,-0.5823856,5,Run,2.5729198,,,,5->5:Exact,none; server owns swing cadence
163,2.615661,0.016416,Tick,live-sample,true,0xF13000007900B1EF,,server,,unchecked,unchecked,none,71.26652,-0.621541,5,Run,2.5894673,,,,5->5:Exact,none; server owns swing cadence
164,2.632286,0.016625,Tick,live-sample,true,0xF13000007900B1EF,,server,,unchecked,unchecked,none,71.20038,-0.6612517,5,Run,2.6062257,,,,5->5:Exact,none; server owns swing cadence
165,2.649185,0.016898,Tick,live-sample,true,0xF13000007900B1EF,,server,,unchecked,unchecked,none,71.13522,-0.701712,5,Run,2.6232593,,,,5->5:Exact,none; server owns swing cadence
166,2.665808,0.016624,Tick,live-sample,true,0xF13000007900B1EF,,server,,unchecked,unchecked,none,71.07554,-0.7415251,5,Run,2.6400158,,,,5->5:Exact,none; server owns swing cadence
167,2.682721,0.016913,Tick,live-sample,true,0xF13000007900B1EF,,server,,unchecked,unchecked,none,71.017296,-0.7820792,5,Run,2.6570637,,,,5->5:Exact,none; server owns swing cadence
168,2.699057,0.016336,Tick,live-sample,true,0xF13000007900B1EF,,server,,unchecked,unchecked,none,70.964264,-0.82131904,5,Run,2.6735306,,,,5->5:Exact,none; server owns swing cadence
169,2.715860,0.016803,Tick,live-sample,true,0xF13000007900B1EF,,server,,unchecked,unchecked,none,70.91377,-0.86170334,5,Run,2.690468,,,,5->5:Exact,none; server owns swing cadence
170,2.732780,0.016920,Tick,live-sample,true,0xF13000007900B1EF,,server,,unchecked,unchecked,none,70.86638,-0.9024196,5,Run,2.7075236,,,,5->5:Exact,none; server owns swing cadence
171,2.748969,0.016189,Tick,live-sample,true,0xF13000007900B1EF,,server,,unchecked,unchecked,none,70.82485,-0.9414276,5,Run,2.7238421,,,,5->5:Exact,none; server owns swing cadence
172,2.767348,0.018379,Tick,live-sample,true,0xF13000007900B1EF,,server,,unchecked,unchecked,none,70.7828,-0.98572505,5,Run,2.742368,,,,5->5:Exact,none; server owns swing cadence
173,2.782548,0.015200,Tick,live-sample,true,0xF13000007900B1EF,,server,,unchecked,unchecked,none,70.74959,-1.0224013,5,Run,2.7576892,,,,5->5:Exact,none; server owns swing cadence
174,2.798938,0.016390,Tick,live-sample,true,0xF13000007900B1EF,,server,,unchecked,unchecked,none,70.71816,-1.0619986,5,Run,2.7742105,,,,5->5:Exact,none; server owns swing cadence
175,2.815961,0.017023,Tick,live-sample,true,0xF13000007900B1EF,,server,,unchecked,unchecked,none,70.69004,-1.1031412,5,Run,2.7913702,,,,5->5:Exact,none; server owns swing cadence
176,2.832528,0.016567,Tick,live-sample,true,0xF13000007900B1EF,,server,,unchecked,unchecked,none,70.66776,-1.1432024,5,Run,2.8080697,,,,5->5:Exact,none; server owns swing cadence
177,2.849416,0.016888,Tick,live-sample,true,0xF13000007900B1EF,,server,,unchecked,unchecked,none,70.649605,-1.1840808,5,Run,2.8250926,,,,5->5:Exact,none; server owns swing cadence
178,2.866623,0.017207,Tick,live-sample,true,0xF13000007900B1EF,,server,,unchecked,unchecked,none,70.6188,-1.2260275,5,Run,2.842437,,,,5->5:Exact,none; server owns swing cadence
179,2.882807,0.016184,Tick,live-sample,true,0xF13000007900B1EF,,server,,unchecked,unchecked,none,70.58504,-1.2656944,5,Run,2.8587503,,,,5->5:Exact,none; server owns swing cadence
180,2.899066,0.016259,Tick,live-sample,true,0xF13000007900B1EF,,server,,unchecked,unchecked,none,70.55531,-1.3055615,5,Run,2.8751392,,,,5->5:Exact,none; server owns swing cadence
181,2.916059,0.016994,Tick,live-sample,true,0xF13000007900B1EF,,server,,unchecked,unchecked,none,70.528496,-1.3472421,5,Run,2.892269,,,,5->5:Exact,none; server owns swing cadence
182,2.932485,0.016426,Tick,live-sample,true,0xF13000007900B1EF,,server,,unchecked,unchecked,none,70.50719,-1.3875439,5,Run,2.908826,,,,5->5:Exact,none; server owns swing cadence
183,2.949156,0.016671,Tick,live-sample,true,0xF13000007900B1EF,,server,,unchecked,unchecked,none,70.49041,-1.4284606,5,Run,2.9256308,,,,5->5:Exact,none; server owns swing cadence
184,2.965893,0.016737,Tick,live-sample,true,0xF13000007900B1EF,,server,,unchecked,unchecked,none,70.47818,-1.4695468,5,Run,2.9425013,,,,5->5:Exact,none; server owns swing cadence
185,2.982731,0.016838,Tick,live-sample,true,0xF13000007900B1EF,,server,,unchecked,unchecked,none,70.47132,-1.5108941,5,Run,2.959474,,,,5->5:Exact,none; server owns swing cadence
186,2.999372,0.016641,Tick,live-sample,true,0xF13000007900B1EF,,server,,unchecked,unchecked,none,70.46881,-1.5517526,5,Run,2.9762478,,,,5->5:Exact,none; server owns swing cadence
187,3.015881,0.016509,Tick,live-sample,true,0xF13000007900B1EF,,server,,unchecked,unchecked,none,70.437004,-1.5925795,5,Run,2.992889,,,,5->5:Exact,none; server owns swing cadence
188,3.032568,0.016687,Tick,live-sample,true,0xF13000007900B1EF,,server,,unchecked,unchecked,none,70.40774,-1.6338544,5,Run,3.0097096,,,,5->5:Exact,none; server owns swing cadence
189,3.049179,0.016611,Tick,live-sample,true,0xF13000007900B1EF,,server,,unchecked,unchecked,none,70.385544,-1.6749263,5,Run,3.0264533,,,,5->5:Exact,none; server owns swing cadence
190,3.066605,0.017426,Tick,live-sample,true,0xF13000007900B1EF,,server,,unchecked,unchecked,none,70.364914,-1.7180248,5,Run,3.044019,,,,5->5:Exact,none; server owns swing cadence
191,3.082308,0.015703,Tick,live-sample,true,0xF13000007900B1EF,,server,,unchecked,unchecked,none,70.3512,-1.7568538,5,Run,3.0598478,,,,5->5:Exact,none; server owns swing cadence
192,3.099514,0.017206,Tick,live-sample,true,0xF13000007900B1EF,,server,,unchecked,unchecked,none,70.34254,-1.7993776,5,Run,3.0771916,,,,5->5:Exact,none; server owns swing cadence
193,3.115949,0.016435,Tick,live-sample,true,0xF13000007900B1EF,,server,,unchecked,unchecked,none,70.33882,-1.8399677,5,Run,3.0937579,,,,5->5:Exact,none; server owns swing cadence
194,3.132653,0.016704,Tick,live-sample,true,0xF13000007900B1EF,,server,,unchecked,unchecked,none,70.33933,-1.8812317,5,Run,3.1105952,,,,5->5:Exact,none; server owns swing cadence
195,3.149593,0.016940,Tick,live-sample,true,0xF13000007900B1EF,,server,,unchecked,unchecked,none,70.34367,-1.923036,5,Run,3.1276705,,,,5->5:Exact,none; server owns swing cadence
196,3.166452,0.016859,Tick,live-sample,true,0xF13000007900B1EF,,server,,unchecked,unchecked,none,70.35269,-1.96462,5,Run,3.1446643,,,,5->5:Exact,none; server owns swing cadence
197,3.182720,0.016268,Tick,live-sample,true,0xF13000007900B1EF,,server,,unchecked,unchecked,none,70.36658,-2.0047133,5,Run,3.1610622,,,,5->5:Exact,none; server owns swing cadence
198,3.199581,0.016861,Tick,live-sample,true,0xF13000007900B1EF,,server,,unchecked,unchecked,none,70.38445,-2.046248,5,Run,3.1780584,,,,5->5:Exact,none; server owns swing cadence
199,3.216052,0.016471,Tick,live-sample,true,0xF13000007900B1EF,,server,,unchecked,unchecked,none,70.40749,-2.0867808,5,Run,3.194661,,,,5->5:Exact,none; server owns swing cadence
200,3.232606,0.016555,Tick,live-sample,true,0xF13000007900B1EF,,server,,unchecked,unchecked,none,70.43268,-2.1274993,5,Run,3.211348,,,,5->5:Exact,none; server owns swing cadence
201,3.249536,0.016929,Tick,live-sample,true,0xF13000007900B1EF,,server,,unchecked,unchecked,none,70.46342,-2.169095,5,Run,3.2284129,,,,5->5:Exact,none; server owns swing cadence
202,3.266250,0.016715,Tick,live-sample,true,0xF13000007900B1EF,,server,,unchecked,unchecked,none,70.49985,-2.210114,5,Run,3.2452612,,,,5->5:Exact,none; server owns swing cadence
203,3.282930,0.016679,Tick,live-sample,true,0xF13000007900B1EF,,server,,unchecked,unchecked,none,70.53781,-2.2510257,5,Run,3.262074,,,,5->5:Exact,none; server owns swing cadence
204,3.299546,0.016617,Tick,live-sample,true,0xF13000007900B1EF,,server,,unchecked,unchecked,none,70.61011,-2.291452,5,Run,3.2788234,,,,5->5:Exact,none; server owns swing cadence
205,3.316426,0.016880,Tick,live-sample,true,0xF13000007900B1EF,,server,,unchecked,unchecked,none,70.69141,-2.332432,5,Run,3.295838,,,,5->5:Exact,none; server owns swing cadence
206,3.332804,0.016378,Tick,live-sample,true,0xF13000007900B1EF,,server,,unchecked,unchecked,none,70.77363,-2.3721495,5,Run,3.3123474,,,,5->5:Exact,none; server owns swing cadence
207,3.349608,0.016804,Tick,live-sample,true,0xF13000007900B1EF,,server,,unchecked,unchecked,none,70.861015,-2.412847,5,Run,3.329286,,,,5->5:Exact,none; server owns swing cadence
208,3.366874,0.017265,Tick,live-sample,true,0xF13000007900B1EF,,server,,unchecked,unchecked,none,70.95462,-2.4546106,5,Run,3.3466895,,,,5->5:Exact,none; server owns swing cadence
209,3.382684,0.015810,Tick,live-sample,true,0xF13000007900B1EF,,server,,unchecked,unchecked,none,71.042656,-2.4928021,5,Run,3.3626258,,,,5->5:Exact,none; server owns swing cadence
210,3.399718,0.017034,Tick,live-sample,true,0xF13000007900B1EF,,server,,unchecked,unchecked,none,71.14078,-2.5338993,5,Run,3.3797963,,,,5->5:Exact,none; server owns swing cadence
211,3.416084,0.016366,Tick,live-sample,true,0xF13000007900B1EF,,server,,unchecked,unchecked,none,71.23705,-2.5733242,5,Run,3.3962934,,,,5->5:Exact,none; server owns swing cadence
212,3.433120,0.017036,Tick,live-sample,true,0xF13000007900B1EF,,server,,unchecked,unchecked,none,71.339745,-2.6143036,5,Run,3.4134657,,,,5->5:Exact,none; server owns swing cadence
213,3.450003,0.016883,Tick,live-sample,true,0xF13000007900B1EF,,server,,unchecked,unchecked,none,71.44386,-2.654853,5,Run,3.4304836,,,,5->5:Exact,none; server owns swing cadence
214,3.466534,0.016531,Tick,live-sample,true,0xF13000007900B1EF,,server,,unchecked,unchecked,none,71.54827,-2.6945033,5,Run,3.447147,,,,5->5:Exact,none; server owns swing cadence
215,3.483249,0.016715,Tick,live-sample,true,0xF13000007900B1EF,,server,,unchecked,unchecked,none,71.655754,-2.7345352,5,Run,3.463996,,,,5->5:Exact,none; server owns swing cadence
216,3.499812,0.016562,Tick,live-sample,true,0xF13000007900B1EF,,server,,unchecked,unchecked,none,71.76425,-2.7741456,5,Run,3.4806907,,,,5->5:Exact,none; server owns swing cadence
217,3.516178,0.016366,Tick,live-sample,true,0xF13000007900B1EF,,server,,unchecked,unchecked,none,71.872925,-2.813226,5,Run,3.497188,,,,5->5:Exact,none; server owns swing cadence
218,3.532870,0.016692,Tick,live-sample,true,0xF13000007900B1EF,,server,,unchecked,unchecked,none,71.98488,-2.8530166,5,Run,3.5140138,,,,5->5:Exact,none; server owns swing cadence
219,3.550128,0.017258,Tick,live-sample,true,0xF13000007900B1EF,,server,,unchecked,unchecked,none,72.102165,-2.8940933,5,Run,3.53141,,,,5->5:Exact,none; server owns swing cadence
220,3.568289,0.018161,Tick,live-sample,true,0xF13000007900B1EF,,server,,unchecked,unchecked,none,72.22655,-2.9372401,5,Run,3.5497158,,,,5->5:Exact,none; server owns swing cadence
221,3.583171,0.014882,Tick,live-sample,true,0xF13000007900B1EF,,server,,unchecked,unchecked,none,72.329544,-2.972552,5,Run,3.5647168,,,,5->5:Exact,none; server owns swing cadence
222,3.600053,0.016882,Tick,live-sample,true,0xF13000007900B1EF,,server,,unchecked,unchecked,none,72.44714,-3.0125446,5,Run,3.5817344,,,,5->5:Exact,none; server owns swing cadence
223,3.616476,0.016423,Tick,live-sample,true,0xF13000007900B1EF,,server,,unchecked,unchecked,none,72.56147,-3.051381,5,Run,3.5982888,,,,5->5:Exact,none; server owns swing cadence
224,3.633635,0.017158,Tick,live-sample,true,0xF13000007900B1EF,,server,,unchecked,unchecked,none,72.68165,-3.0918941,5,Run,3.6155844,,,,5->5:Exact,none; server owns swing cadence
225,3.650332,0.016697,Tick,live-sample,true,0xF13000007900B1EF,,server,,unchecked,unchecked,none,72.79839,-3.1312528,5,Run,3.6324153,,,,5->5:Exact,none; server owns swing cadence
226,3.668082,0.017750,Tick,live-sample,true,0xF13000007900B1EF,,server,,unchecked,unchecked,none,72.92291,-3.1730244,5,Run,3.6503072,,,,5->5:Exact,none; server owns swing cadence
227,3.683211,0.015130,Tick,live-sample,true,0xF13000007900B1EF,,server,,unchecked,unchecked,none,73.02863,-3.208577,5,Run,3.6655579,,,,5->5:Exact,none; server owns swing cadence
228,3.699683,0.016472,Tick,live-sample,true,0xF13000007900B1EF,,server,,unchecked,unchecked,none,73.14352,-3.2472243,5,Run,3.6821613,,,,5->5:Exact,none; server owns swing cadence
229,3.716690,0.017007,Tick,live-sample,true,0xF13000007900B1EF,,server,,unchecked,unchecked,none,73.261444,-3.2870617,5,Run,3.6993043,,,,5->5:Exact,none; server owns swing cadence
230,3.733313,0.016623,Tick,live-sample,true,0xF13000007900B1EF,,server,,unchecked,unchecked,none,73.37549,-3.3259325,5,Run,3.71606,,,,5->5:Exact,none; server owns swing cadence
231,3.749853,0.016540,Tick,live-sample,true,0xF13000007900B1EF,,server,,unchecked,unchecked,none,73.48807,-3.3645504,5,Run,3.732732,,,,5->5:Exact,none; server owns swing cadence
232,3.766484,0.016631,Tick,live-sample,true,0xF13000007900B1EF,,server,,unchecked,unchecked,none,73.60043,-3.4033263,5,Run,3.7494962,,,,5->5:Exact,none; server owns swing cadence
233,3.783158,0.016675,Tick,live-sample,true,0xF13000007900B1EF,,server,,unchecked,unchecked,none,73.711586,-3.4421432,5,Run,3.7663045,,,,5->5:Exact,none; server owns swing cadence
234,3.799803,0.016645,Tick,live-sample,true,0xF13000007900B1EF,,server,,unchecked,unchecked,none,73.82122,-3.480832,5,Run,3.7830822,,,,5->5:Exact,none; server owns swing cadence
235,3.816468,0.016665,Tick,live-sample,true,0xF13000007900B1EF,,server,,unchecked,unchecked,none,73.92936,-3.5195124,5,Run,3.7998807,,,,5->5:Exact,none; server owns swing cadence
236,3.833239,0.016771,Tick,live-sample,true,0xF13000007900B1EF,,server,,unchecked,unchecked,none,74.0363,-3.5583804,5,Run,3.8167856,,,,5->5:Exact,none; server owns swing cadence
237,3.849931,0.016693,Tick,live-sample,true,0xF13000007900B1EF,,server,,unchecked,unchecked,none,74.14121,-3.5970182,5,Run,3.8336117,,,,5->5:Exact,none; server owns swing cadence
238,3.867722,0.017791,Tick,live-sample,true,0xF13000007900B1EF,,server,,unchecked,unchecked,none,74.250435,-3.6381342,5,Run,3.8515449,,,,5->5:Exact,none; server owns swing cadence
239,3.883498,0.015776,Tick,live-sample,true,0xF13000007900B1EF,,server,,unchecked,unchecked,none,74.345535,-3.674551,5,Run,3.8674474,,,,5->5:Exact,none; server owns swing cadence
240,3.900033,0.016535,Tick,live-sample,true,0xF13000007900B1EF,,server,,unchecked,unchecked,none,74.44257,-3.712665,5,Run,3.8841145,,,,5->5:Exact,none; server owns swing cadence
241,3.916611,0.016577,Tick,live-sample,true,0xF13000007900B1EF,,server,,unchecked,unchecked,none,74.53768,-3.7508316,5,Run,3.9008245,,,,5->5:Exact,none; server owns swing cadence
242,3.933382,0.016771,Tick,live-sample,true,0xF13000007900B1EF,,server,,unchecked,unchecked,none,74.631355,-3.7893987,5,Run,3.9177296,,,,5->5:Exact,none; server owns swing cadence
243,3.949937,0.016556,Tick,live-sample,true,0xF13000007900B1EF,,server,,unchecked,unchecked,none,74.72105,-3.8274245,5,Run,3.934418,,,,5->5:Exact,none; server owns swing cadence
244,3.967424,0.017486,Tick,live-sample,true,0xF13000007900B1EF,,server,,unchecked,unchecked,none,74.812454,-3.8675382,5,Run,3.9520442,,,,5->5:Exact,none; server owns swing cadence
245,3.983566,0.016143,Tick,live-sample,true,0xF13000007900B1EF,,server,,unchecked,unchecked,none,74.8938,-3.9045274,5,Run,3.9683158,,,,5->5:Exact,none; server owns swing cadence
246,4.000138,0.016572,Tick,live-sample,true,0xF13000007900B1EF,,server,,unchecked,unchecked,none,74.974464,-3.9424605,5,Run,3.98502,,,,5->5:Exact,none; server owns swing cadence
247,4.016800,0.016662,Tick,live-sample,true,0xF13000007900B1EF,,server,,unchecked,unchecked,none,75.05204,-3.980557,5,Run,4.001815,,,,5->5:Exact,none; server owns swing cadence
248,4.033643,0.016843,Tick,live-sample,true,0xF13000007900B1EF,,server,,unchecked,unchecked,none,75.12761,-4.0190377,5,Run,4.0187926,,,,5->5:Exact,none; server owns swing cadence
249,4.050258,0.016616,Tick,live-sample,true,0xF13000007900B1EF,,server,,unchecked,unchecked,none,75.19847,-4.0569596,5,Run,4.035541,,,,5->5:Exact,none; server owns swing cadence
250,4.067222,0.016964,Tick,live-sample,true,0xF13000007900B1EF,,server,,unchecked,unchecked,none,75.267075,-4.0956416,5,Run,4.0526404,,,,5->5:Exact,none; server owns swing cadence
251,4.083514,0.016291,Tick,live-sample,true,0xF13000007900B1EF,,server,,unchecked,unchecked,none,75.32942,-4.1327596,5,Run,4.069062,,,,5->5:Exact,none; server owns swing cadence
252,4.100102,0.016588,Tick,live-sample,true,0xF13000007900B1EF,,server,,unchecked,unchecked,none,75.389145,-4.170523,5,Run,4.0857835,,,,5->5:Exact,none; server owns swing cadence
253,4.116728,0.016626,Tick,live-sample,true,0xF13000007900B1EF,,server,,unchecked,unchecked,none,75.44563,-4.2083507,5,Run,4.102543,,,,5->5:Exact,none; server owns swing cadence
254,4.133383,0.016655,Tick,live-sample,true,0xF13000007900B1EF,,server,,unchecked,unchecked,none,75.49802,-4.246213,5,Run,4.119331,,,,5->5:Exact,none; server owns swing cadence
255,4.150268,0.016885,Tick,live-sample,true,0xF13000007900B1EF,,server,,unchecked,unchecked,none,75.54708,-4.284575,5,Run,4.1363516,,,,5->5:Exact,none; server owns swing cadence
256,4.168197,0.017929,Tick,live-sample,true,0xF13000007900B1EF,,server,,unchecked,unchecked,none,75.59466,-4.3252845,5,Run,4.1544237,,,,5->5:Exact,none; server owns swing cadence
257,4.183543,0.015345,Tick,live-sample,true,0xF13000007900B1EF,,server,,unchecked,unchecked,none,75.63178,-4.3601103,5,Run,4.169892,,,,5->5:Exact,none; server owns swing cadence
258,4.200285,0.016742,Tick,live-sample,true,0xF13000007900B1EF,,server,,unchecked,unchecked,none,75.66806,-4.3980865,5,Run,4.186768,,,,5->5:Exact,none; server owns swing cadence
259,4.217010,0.016725,Tick,live-sample,true,0xF13000007900B1EF,,server,,unchecked,unchecked,none,75.700195,-4.436009,5,Run,4.203626,,,,5->5:Exact,none; server owns swing cadence
260,4.233599,0.016589,Tick,live-sample,true,0xF13000007900B1EF,,server,,unchecked,unchecked,none,75.72771,-4.4736066,5,Run,4.220348,,,,5->5:Exact,none; server owns swing cadence
261,4.250240,0.016641,Tick,live-sample,true,0xF13000007900B1EF,,server,,unchecked,unchecked,none,75.75116,-4.511313,5,Run,4.237122,,,,5->5:Exact,none; server owns swing cadence
262,4.268219,0.017979,Tick,live-sample,true,0xF13000007900B1EF,,server,,unchecked,unchecked,none,75.77103,-4.5520353,5,Run,4.255245,,,,5->5:Exact,none; server owns swing cadence
263,4.283975,0.015756,Tick,live-sample,true,0xF13000007900B1EF,,server,,unchecked,unchecked,none,75.78455,-4.5877147,5,Run,4.271127,,,,5->5:Exact,none; server owns swing cadence
264,4.300429,0.016454,Tick,live-sample,true,0xF13000007900B1EF,,server,,unchecked,unchecked,none,75.79482,-4.624972,5,Run,4.2877126,,,,5->5:Exact,none; server owns swing cadence
265,4.316992,0.016563,Tick,live-sample,true,0xF13000007900B1EF,,server,,unchecked,unchecked,none,75.80016,-4.662465,5,Run,4.3044076,,,,5->5:Exact,none; server owns swing cadence
266,4.333988,0.016996,Tick,live-sample,true,0xF13000007900B1EF,,server,,unchecked,unchecked,none,75.80156,-4.700945,5,Run,4.32154,,,,5->5:Exact,none; server owns swing cadence
267,4.350611,0.016623,Tick,live-sample,true,0xF13000007900B1EF,,server,,unchecked,unchecked,none,75.79834,-4.7385774,5,Run,4.338296,,,,5->5:Exact,none; server owns swing cadence
268,4.368159,0.017548,Tick,live-sample,true,0xF13000007900B1EF,,server,,unchecked,unchecked,none,75.79031,-4.778308,5,Run,4.355984,,,,5->5:Exact,none; server owns swing cadence
269,4.384002,0.015843,Tick,live-sample,true,0xF13000007900B1EF,,server,,unchecked,unchecked,none,75.77922,-4.8141828,5,Run,4.371954,,,,5->5:Exact,none; server owns swing cadence
270,4.400477,0.016475,Tick,live-sample,true,0xF13000007900B1EF,,server,,unchecked,unchecked,none,75.76289,-4.8514915,5,Run,4.388561,,,,5->5:Exact,none; server owns swing cadence
271,4.417156,0.016679,Tick,live-sample,true,0xF13000007900B1EF,,server,,unchecked,unchecked,none,75.74204,-4.8892717,5,Run,4.405373,,,,5->5:Exact,none; server owns swing cadence
272,4.433879,0.016723,Tick,live-sample,true,0xF13000007900B1EF,,server,,unchecked,unchecked,none,75.716896,-4.9271617,5,Run,4.42223,,,,5->5:Exact,none; server owns swing cadence
273,4.450834,0.016955,Tick,live-sample,true,0xF13000007900B1EF,,server,,unchecked,unchecked,none,75.68698,-4.9655924,5,Run,4.4393206,,,,5->5:Exact,none; server owns swing cadence
274,4.468296,0.017463,Tick,live-sample,true,0xF13000007900B1EF,,server,,unchecked,unchecked,none,75.65135,-5.0051894,5,Run,4.456923,,,,5->5:Exact,none; server owns swing cadence
275,4.483900,0.015604,Tick,live-sample,true,0xF13000007900B1EF,,server,,unchecked,unchecked,none,75.61624,-5.040591,5,Run,4.4726515,,,,5->5:Exact,none; server owns swing cadence
276,4.500748,0.016848,Tick,live-sample,true,0xF13000007900B1EF,,server,,unchecked,unchecked,none,75.57408,-5.0788326,5,Run,4.489634,,,,5->5:Exact,none; server owns swing cadence
277,4.517259,0.016511,Tick,live-sample,true,0xF13000007900B1EF,,server,,unchecked,unchecked,none,75.5286,-5.1163297,5,Run,4.506277,,,,5->5:Exact,none; server owns swing cadence
278,4.534142,0.016884,Tick,live-sample,true,0xF13000007900B1EF,,server,,unchecked,unchecked,none,75.47817,-5.1547008,5,Run,4.523296,,,,5->5:Exact,none; server owns swing cadence
279,4.550642,0.016499,Tick,live-sample,true,0xF13000007900B1EF,,server,,unchecked,unchecked,none,75.42511,-5.1922226,5,Run,4.539927,,,,5->5:Exact,none; server owns swing cadence
280,4.567911,0.017269,Tick,live-sample,true,0xF13000007900B1EF,,server,,unchecked,unchecked,none,75.3652,-5.231523,5,Run,4.5573344,,,,5->5:Exact,none; server owns swing cadence
281,4.583815,0.015905,Tick,live-sample,true,0xF13000007900B1EF,,server,,unchecked,unchecked,none,75.30646,-5.2677426,5,Run,4.573366,,,,5->5:Exact,none; server owns swing cadence
282,4.600865,0.017049,Tick,live-sample,true,0xF13000007900B1EF,,server,,unchecked,unchecked,none,75.23967,-5.306602,5,Run,4.590552,,,,5->5:Exact,none; server owns swing cadence
283,4.617408,0.016543,Tick,live-sample,true,0xF13000007900B1EF,,server,,unchecked,unchecked,none,75.17093,-5.3443346,5,Run,4.6072273,,,,5->5:Exact,none; server owns swing cadence
284,4.634534,0.017127,Tick,live-sample,true,0xF13000007900B1EF,,server,,unchecked,unchecked,none,75.096695,-5.383444,5,Run,4.624491,,,,5->5:Exact,none; server owns swing cadence
285,4.650710,0.016176,Tick,live-sample,true,0xF13000007900B1EF,,server,,unchecked,unchecked,none,75.02323,-5.4204135,5,Run,4.640796,,,,5->5:Exact,none; server owns swing cadence
286,4.667684,0.016974,Tick,live-sample,true,0xF13000007900B1EF,,server,,unchecked,unchecked,none,74.94276,-5.459248,5,Run,4.6579056,,,,5->5:Exact,none; server owns swing cadence
287,4.684039,0.016356,Tick,live-sample,true,0xF13000007900B1EF,,server,,unchecked,unchecked,none,74.861946,-5.496706,5,Run,4.674392,,,,5->5:Exact,none; server owns swing cadence
288,4.700609,0.016569,Tick,live-sample,true,0xF13000007900B1EF,,server,,unchecked,unchecked,none,74.77677,0.7484963,5,Run,4.691094,,,,5->5:Exact,none; server owns swing cadence
289,4.717274,0.016665,Tick,live-sample,true,0xF13000007900B1EF,,server,,unchecked,unchecked,none,74.688484,0.7102435,5,Run,4.7078924,,,,5->5:Exact,none; server owns swing cadence
290,4.734225,0.016951,Tick,live-sample,true,0xF13000007900B1EF,,server,,unchecked,unchecked,none,74.59557,0.6712913,5,Run,4.7249794,,,,5->5:Exact,none; server owns swing cadence
291,4.750791,0.016566,Tick,live-sample,true,0xF13000007900B1EF,,server,,unchecked,unchecked,none,74.50189,0.6331818,5,Run,4.7416778,,,,5->5:Exact,none; server owns swing cadence
292,4.769214,0.018423,Tick,live-sample,true,0xF13000007900B1EF,,server,,unchecked,unchecked,none,74.39484,0.59073776,5,Run,4.7602477,,,,5->5:Exact,none; server owns swing cadence
293,4.783762,0.014548,Tick,live-sample,true,0xF13000007900B1EF,,server,,unchecked,unchecked,none,74.30842,0.557183,5,Run,4.7749124,,,,5->5:Exact,none; server owns swing cadence
294,4.801250,0.017488,Tick,live-sample,true,0xF13000007900B1EF,,server,,unchecked,unchecked,none,74.20232,0.5167868,5,Run,4.7925406,,,,5->5:Exact,none; server owns swing cadence
295,4.817675,0.016425,Tick,live-sample,true,0xF13000007900B1EF,,server,,unchecked,unchecked,none,74.100204,0.4788018,5,Run,4.809097,,,,5->5:Exact,none; server owns swing cadence
296,4.834411,0.016736,Tick,live-sample,true,0xF13000007900B1EF,,server,,unchecked,unchecked,none,73.99394,0.44004685,5,Run,4.8259664,,,,5->5:Exact,none; server owns swing cadence
297,4.850808,0.016397,Tick,live-sample,true,0xF13000007900B1EF,,server,,unchecked,unchecked,none,73.88816,0.4020216,5,Run,4.8424945,,,,5->5:Exact,none; server owns swing cadence
298,4.868503,0.017695,Tick,live-sample,true,0xF13000007900B1EF,,server,,unchecked,unchecked,none,73.77258,0.3609172,5,Run,4.8603306,,,,5->5:Exact,none; server owns swing cadence
299,4.883977,0.015474,Tick,live-sample,true,0xF13000007900B1EF,,server,,unchecked,unchecked,none,73.67005,0.3249241,5,Run,4.875929,,,,5->5:Exact,none; server owns swing cadence
300,4.900895,0.016918,Tick,live-sample,true,0xF13000007900B1EF,,server,,unchecked,unchecked,none,73.55668,0.28551126,5,Run,4.8929825,,,,5->5:Exact,none; server owns swing cadence
301,4.917632,0.016737,Tick,live-sample,true,0xF13000007900B1EF,,server,,unchecked,unchecked,none,73.44296,0.2464642,5,Run,4.9098535,,,,5->5:Exact,none; server owns swing cadence
302,4.934175,0.016543,Tick,live-sample,true,0xF13000007900B1EF,,server,,unchecked,unchecked,none,73.32986,0.20780843,5,Run,4.9265285,,,,5->5:Exact,none; server owns swing cadence
303,4.950639,0.016464,Tick,live-sample,true,0xF13000007900B1EF,,server,,unchecked,unchecked,none,73.21647,0.16927636,5,Run,4.943125,,,,5->5:Exact,none; server owns swing cadence
304,4.967678,0.017038,Tick,live-sample,true,0xF13000007900B1EF,,server,,unchecked,unchecked,none,73.098145,0.12934268,5,Run,4.9602995,,,,5->5:Exact,none; server owns swing cadence
305,4.984493,0.016816,Tick,live-sample,true,0xF13000007900B1EF,,server,,unchecked,unchecked,none,72.98067,0.08986974,5,Run,4.9772496,,,,5->5:Exact,none; server owns swing cadence
306,5.001136,0.016642,Tick,live-sample,true,0xF13000007900B1EF,,server,,unchecked,unchecked,none,72.86413,0.050741196,5,Run,4.994025,,,,5->5:Exact,none; server owns swing cadence
307,5.017422,0.016287,Tick,live-sample,true,0xF13000007900B1EF,,server,,unchecked,unchecked,none,72.74998,0.012388349,5,Run,5.0104423,,,,5->5:Exact,none; server owns swing cadence
308,5.034215,0.016793,Tick,live-sample,true,0xF13000007900B1EF,,server,,unchecked,unchecked,none,72.63254,-0.027222633,5,Run,5.0273695,,,,5->5:Exact,none; server owns swing cadence
309,5.051014,0.016799,Tick,live-sample,true,0xF13000007900B1EF,,server,,unchecked,unchecked,none,72.51489,-0.066909194,5,Run,5.044303,,,,5->5:Exact,none; server owns swing cadence
310,5.068706,0.017692,Tick,live-sample,true,0xF13000007900B1EF,,server,,unchecked,unchecked,none,72.39174,-0.10877955,5,Run,5.0621367,,,,5->5:Exact,none; server owns swing cadence
311,5.084304,0.015597,Tick,live-sample,true,0xF13000007900B1EF,,server,,unchecked,unchecked,none,72.28381,-0.14574885,5,Run,5.0778584,,,,5->5:Exact,none; server owns swing cadence
312,5.101370,0.017067,Tick,live-sample,true,0xF13000007900B1EF,,server,,unchecked,unchecked,none,72.16605,-0.18626392,5,Run,5.095062,,,,5->5:Exact,none; server owns swing cadence
313,5.117534,0.016163,Tick,live-sample,true,0xF13000007900B1EF,,server,,unchecked,unchecked,none,72.05586,-0.22469872,5,Run,5.1113544,,,,5->5:Exact,none; server owns swing cadence
314,5.134203,0.016669,Tick,live-sample,true,0xF13000007900B1EF,,server,,unchecked,unchecked,none,71.94335,-0.2643993,5,Run,5.128157,,,,5->5:Exact,none; server owns swing cadence
315,5.151032,0.016829,Tick,live-sample,true,0xF13000007900B1EF,,server,,unchecked,unchecked,none,71.830666,-0.30453873,5,Run,5.1451206,,,,5->5:Exact,none; server owns swing cadence
316,5.167737,0.016705,Tick,live-sample,true,0xF13000007900B1EF,,server,,unchecked,unchecked,none,71.72058,-0.34444767,5,Run,5.161959,,,,5->5:Exact,none; server owns swing cadence
317,5.184363,0.016626,Tick,live-sample,true,0xF13000007900B1EF,,server,,unchecked,unchecked,none,71.613014,-0.38423586,5,Run,5.1787186,,,,5->5:Exact,none; server owns swing cadence
318,5.201231,0.016868,Tick,live-sample,true,0xF13000007900B1EF,,server,,unchecked,unchecked,none,71.5052,-0.42465806,5,Run,5.1957216,,,,5->5:Exact,none; server owns swing cadence
319,5.217853,0.016622,Tick,live-sample,true,0xF13000007900B1EF,,server,,unchecked,unchecked,none,71.400955,-0.46455038,5,Run,5.2124767,,,,5->5:Exact,none; server owns swing cadence
320,5.234760,0.016906,Tick,live-sample,true,0xF13000007900B1EF,,server,,unchecked,unchecked,none,71.29728,-0.50518554,5,Run,5.2295184,,,,5->5:Exact,none; server owns swing cadence
321,5.251049,0.016290,Tick,live-sample,true,0xF13000007900B1EF,,server,,unchecked,unchecked,none,71.1999,-0.5443975,5,Run,5.2459383,,,,5->5:Exact,none; server owns swing cadence
322,5.269252,0.018202,Tick,live-sample,true,0xF13000007900B1EF,,server,,unchecked,unchecked,none,71.09411,-0.58828276,5,Run,5.2642865,,,,5->5:Exact,none; server owns swing cadence
323,5.284568,0.015316,Tick,live-sample,true,0xF13000007900B1EF,,server,,unchecked,unchecked,none,71.0071,-0.62525374,5,Run,5.2797256,,,,5->5:Exact,none; server owns swing cadence
324,5.301049,0.016481,Tick,live-sample,true,0xF13000007900B1EF,,server,,unchecked,unchecked,none,70.9163,-0.6650875,5,Run,5.296338,,,,5->5:Exact,none; server owns swing cadence
325,5.317795,0.016746,Tick,live-sample,true,0xF13000007900B1EF,,server,,unchecked,unchecked,none,70.826706,-0.7056124,5,Run,5.313218,,,,5->5:Exact,none; server owns swing cadence
326,5.334478,0.016683,Tick,live-sample,true,0xF13000007900B1EF,,server,,unchecked,unchecked,none,70.74074,-0.74603933,5,Run,5.3300347,,,,5->5:Exact,none; server owns swing cadence
327,5.351091,0.016613,Tick,live-sample,true,0xF13000007900B1EF,,server,,unchecked,unchecked,none,70.65865,-0.78634816,5,Run,5.3467813,,,,5->5:Exact,none; server owns swing cadence
328,5.369039,0.017947,Tick,live-sample,true,0xF13000007900B1EF,,server,,unchecked,unchecked,none,70.57376,-0.8299469,5,Run,5.364872,,,,5->5:Exact,none; server owns swing cadence
329,5.384598,0.015559,Tick,live-sample,true,0xF13000007900B1EF,,server,,unchecked,unchecked,none,70.503395,-0.86778617,5,Run,5.3805556,,,,5->5:Exact,none; server owns swing cadence
330,5.401316,0.016718,Tick,live-sample,true,0xF13000007900B1EF,,server,,unchecked,unchecked,none,70.43132,-0.9084855,5,Run,5.397407,,,,5->5:Exact,none; server owns swing cadence
331,5.417905,0.016589,Tick,live-sample,true,0xF13000007900B1EF,,server,,unchecked,unchecked,none,70.36394,-0.9489165,5,Run,5.414129,,,,5->5:Exact,none; server owns swing cadence
332,5.434598,0.016693,Tick,live-sample,true,0xF13000007900B1EF,,server,,unchecked,unchecked,none,70.29954,-0.9896331,5,Run,5.4309554,,,,5->5:Exact,none; server owns swing cadence
333,5.451409,0.016812,Tick,live-sample,true,0xF13000007900B1EF,,server,,unchecked,unchecked,none,70.238846,-1.0306796,5,Run,5.4479017,,,,5->5:Exact,none; server owns swing cadence
334,5.468002,0.016592,Tick,live-sample,true,0xF13000007900B1EF,,server,,unchecked,unchecked,none,70.1829,-1.0712228,5,Run,5.464627,,,,5->5:Exact,none; server owns swing cadence
335,5.484827,0.016826,Tick,live-sample,true,0xF13000007900B1EF,,server,,unchecked,unchecked,none,70.13043,-1.1123697,5,Run,5.4815874,,,,5->5:Exact,none; server owns swing cadence
336,5.501218,0.016390,Tick,live-sample,true,0xF13000007900B1EF,,server,,unchecked,unchecked,none,70.0839,-1.1524857,5,Run,5.498109,,,,5->5:Exact,none; server owns swing cadence
337,5.517932,0.016715,Tick,live-sample,true,0xF13000007900B1EF,,server,,unchecked,unchecked,none,70.040695,-1.1934214,5,Run,5.5149574,,,,5->5:Exact,none; server owns swing cadence
338,5.534835,0.016903,Tick,live-sample,true,0xF13000007900B1EF,,server,,unchecked,unchecked,none,70.00167,-1.2348421,5,Run,5.5319953,,,,5->5:Exact,none; server owns swing cadence
339,5.551354,0.016519,Tick,live-sample,true,0xF13000007900B1EF,,server,,unchecked,unchecked,none,69.96788,-1.2753456,5,Run,5.548647,,,,5->5:Exact,none; server owns swing cadence
340,5.569461,0.018107,Tick,live-sample,true,0xF13000007900B1EF,,server,,unchecked,unchecked,none,69.93637,-1.319765,5,Run,5.5668983,,,,5->5:Exact,none; server owns swing cadence
341,5.584836,0.015375,Tick,live-sample,true,0xF13000007900B1EF,,server,,unchecked,unchecked,none,69.91338,-1.3574933,5,Run,5.5823965,,,,5->5:Exact,none; server owns swing cadence
342,5.601519,0.016683,Tick,live-sample,true,0xF13000007900B1EF,,server,,unchecked,unchecked,none,69.893295,-1.398449,5,Run,5.599213,,,,5->5:Exact,none; server owns swing cadence
343,5.618219,0.016700,Tick,live-sample,true,0xF13000007900B1EF,,server,,unchecked,unchecked,none,69.877945,-1.439456,5,Run,5.6160464,,,,5->5:Exact,none; server owns swing cadence
344,5.634848,0.016629,Tick,live-sample,true,0xF13000007900B1EF,,server,,unchecked,unchecked,none,69.86699,-1.4802935,5,Run,5.6328087,,,,5->5:Exact,none; server owns swing cadence
345,5.651302,0.016454,Tick,live-sample,true,0xF13000007900B1EF,,server,,unchecked,unchecked,none,69.86094,-1.5207053,5,Run,5.649394,,,,5->5:Exact,none; server owns swing cadence
346,5.668849,0.017548,Tick,live-sample,true,0xF13000007900B1EF,,server,,unchecked,unchecked,none,69.85985,-1.5638087,5,Run,5.6670823,,,,5->5:Exact,none; server owns swing cadence
347,5.684649,0.015799,Tick,live-sample,true,0xF13000007900B1EF,,server,,unchecked,unchecked,none,69.86327,-1.6026169,5,Run,5.683008,,,,5->5:Exact,none; server owns swing cadence
348,5.701428,0.016779,Tick,live-sample,true,0xF13000007900B1EF,,server,,unchecked,unchecked,none,69.87159,-1.6438272,5,Run,5.699922,,,,5->5:Exact,none; server owns swing cadence
349,5.718056,0.016627,Tick,live-sample,true,0xF13000007900B1EF,,server,,unchecked,unchecked,none,69.884964,-1.6846642,5,Run,5.7166824,,,,5->5:Exact,none; server owns swing cadence
350,5.734828,0.016772,Tick,live-sample,true,0xF13000007900B1EF,,server,,unchecked,unchecked,none,69.90266,-1.7258364,5,Run,5.7335887,,,,5->5:Exact,none; server owns swing cadence
351,5.751356,0.016529,Tick,live-sample,true,0xF13000007900B1EF,,server,,unchecked,unchecked,none,69.924995,-1.7664045,5,Run,5.75025,,,,5->5:Exact,none; server owns swing cadence
352,5.768118,0.016761,Tick,live-sample,true,0xF13000007900B1EF,,server,,unchecked,unchecked,none,69.95231,-1.8075275,5,Run,5.767145,,,,5->5:Exact,none; server owns swing cadence
353,5.784816,0.016698,Tick,live-sample,true,0xF13000007900B1EF,,server,,unchecked,unchecked,none,69.983925,-1.8484735,5,Run,5.7839766,,,,5->5:Exact,none; server owns swing cadence
354,5.801576,0.016761,Tick,live-sample,true,0xF13000007900B1EF,,server,,unchecked,unchecked,none,70.02034,-1.8895549,5,Run,5.8008714,,,,5->5:Exact,none; server owns swing cadence
355,5.818187,0.016611,Tick,live-sample,true,0xF13000007900B1EF,,server,,unchecked,unchecked,none,70.06136,-1.9302514,5,Run,5.817615,,,,5->5:Exact,none; server owns swing cadence
356,5.834786,0.016598,Tick,live-sample,true,0xF13000007900B1EF,,server,,unchecked,unchecked,none,70.10675,-1.9708889,5,Run,5.834346,,,,5->5:Exact,none; server owns swing cadence
357,5.851487,0.016702,Tick,live-sample,true,0xF13000007900B1EF,,server,,unchecked,unchecked,none,70.15625,-2.011746,5,Run,5.851181,,,,5->5:Exact,none; server owns swing cadence
358,5.869215,0.017728,Tick,live-sample,true,0xF13000007900B1EF,,server,,unchecked,unchecked,none,70.21377,-2.0550811,5,Run,5.869051,,,,5->5:Exact,none; server owns swing cadence
359,5.884787,0.015572,Tick,live-sample,true,0xF13000007900B1EF,,server,,unchecked,unchecked,none,70.267944,-2.0931137,5,Run,5.884747,,,,5->5:Exact,none; server owns swing cadence
360,5.901487,0.016700,Tick,live-sample,true,0xF13000007900B1EF,,server,,unchecked,unchecked,none,70.330025,-2.1338656,5,Run,5.901581,,,,5->5:Exact,none; server owns swing cadence
361,5.918048,0.016561,Tick,live-sample,true,0xF13000007900B1EF,,server,,unchecked,unchecked,none,70.396,-2.1742458,5,Run,5.9182744,,,,5->5:Exact,none; server owns swing cadence
362,5.934916,0.016868,Tick,live-sample,true,0xF13000007900B1EF,,server,,unchecked,unchecked,none,70.46696,-2.21533,5,Run,5.935277,,,,5->5:Exact,none; server owns swing cadence
363,5.951587,0.016672,Tick,live-sample,true,0xF13000007900B1EF,,server,,unchecked,unchecked,none,70.54111,-2.255898,5,Run,5.952082,,,,5->5:Exact,none; server owns swing cadence
364,5.968990,0.017403,Tick,live-sample,true,0xF13000007900B1EF,,server,,unchecked,unchecked,none,70.62246,-2.298197,5,Run,5.9696245,,,,5->5:Exact,none; server owns swing cadence
365,5.984843,0.015853,Tick,live-sample,true,0xF13000007900B1EF,,server,,unchecked,unchecked,none,70.69933,-2.3366816,5,Run,5.9856043,,,,5->5:Exact,none; server owns swing cadence
366,6.001808,0.016965,Tick,live-sample,true,0xF13000007900B1EF,,server,,unchecked,unchecked,none,70.7848,-2.3778124,5,Run,6.002705,,,,5->5:Exact,none; server owns swing cadence
367,6.018509,0.016701,Tick,live-sample,true,0xF13000007900B1EF,,server,,unchecked,unchecked,none,70.872665,-2.4182575,5,Run,6.0195394,,,,5->5:Exact,none; server owns swing cadence
368,6.034895,0.016386,Tick,live-sample,true,0xF13000007900B1EF,,server,,unchecked,unchecked,none,70.9612,-2.4578857,5,Run,6.0360565,,,,5->5:Exact,none; server owns swing cadence
369,6.051649,0.016753,Tick,live-sample,true,0xF13000007900B1EF,,server,,unchecked,unchecked,none,71.05502,-2.4983528,5,Run,6.0529437,,,,5->5:Exact,none; server owns swing cadence
370,6.068522,0.016874,Tick,live-sample,true,0xF13000007900B1EF,,server,,unchecked,unchecked,none,71.15198,-2.53905,5,Run,6.0699525,,,,5->5:Exact,none; server owns swing cadence
371,6.068522,0.000000,AnimChoice,animator,true,0xF13000007900B1EF,,server,,unchecked,unchecked,none,71.15198,-2.590374,5,Run,6.0699525,,,,26->26:Exact,track=0 requested=26 played=26 kind=Exact base=5:Run clipB= blendWeight=0
372,6.084859,0.016337,Tick,live-sample,true,0xF13000007900B1EF,,server,,unchecked,unchecked,none,71.15198,-2.590374,26,Ready1H,0.0163369,Run,6.08642,0.03300208,26->26:Exact,none; server owns swing cadence
373,6.084859,0.000000,AnimChoice,animator,true,0xF13000007900B1EF,,server,,unchecked,unchecked,none,71.15198,-2.590374,26,Ready1H,0.0163369,Run,6.08642,0.03300208,11->11:Exact,track=0 requested=11 played=11 kind=Exact base=26:Ready1H clipB=Run blendWeight=0.03300208
374,6.101947,0.017088,Tick,live-sample,true,0xF13000007900B1EF,,server,,unchecked,unchecked,none,71.15198,-2.590374,11,ShuffleLeft,0.0170877,Ready1H,0.0334246,0.013376892,11->11:Exact,none; server owns swing cadence
375,6.101947,0.000000,AttackStopSend,network-session-send,true,0x0000000000000000,CMSG_ATTACKSTOP,server,,unchecked,unchecked,none,-1,,11,ShuffleLeft,0.0170877,Ready1H,0.0334246,0.013376892,11->11:Exact,CMSG_ATTACKSTOP
376,6.101947,0.000000,IntentOff,user-cancel,true,0xF13000007900B1EF,,server,,unchecked,unchecked,none,71.15198,-2.590374,11,ShuffleLeft,0.0170877,Ready1H,0.0334246,0.013376892,11->11:Exact,local attack latch edge
377,6.101947,0.000000,AnimChoice,animator,false,0x0000000000000000,,server,,unchecked,unchecked,none,-1,,11,ShuffleLeft,0.0170877,Ready1H,0.0334246,0.013376892,26->26:Exact,track=0 requested=26 played=26 kind=Exact base=11:ShuffleLeft clipB=Ready1H blendWeight=0.013376892
378,6.118472,0.016525,Tick,live-sample,false,0x0000000000000000,,server,,unchecked,unchecked,none,-1,,26,Ready1H,0.0165251,ShuffleLeft,0.033612803,0.03373635,26->26:Exact,none; server owns swing cadence
