frame,t,dt,posX,posY,posZ,velX,velY,velZ,horizSpeed,aimYaw,bodyYaw,inputFlags,grounded,verticalVel,fallTimeMs,clipId,clipName,clipTime,clipB,clipBTime,blendWeight,playbackRate,lastAnimChoice,wireSentThisTick
0,0.000000,0.016805,-8949.95,-132.493,83.529526,0,0,0,0,2.7227101,2.7227101,none,true,0,0,0,Stand,0.060988896,,,,1,0->0:Exact,NONE
1,0.016805,0.008357,-8949.95,-132.493,83.529526,0,0,0,0,2.7227101,2.7227101,none,true,0,0,0,Stand,0.0693462,,,,1,0->0:Exact,NONE
2,0.025162,0.014117,-8949.95,-132.493,83.529526,0,0,0,0,2.7227101,2.7227101,none,true,0,0,0,Stand,0.0834633,,,,1,0->0:Exact,NONE
3,0.039279,0.016498,-8949.95,-132.493,83.529526,0,0,0,0,2.7227101,2.7227101,none,true,0,0,0,Stand,0.0999612,,,,1,0->0:Exact,NONE
4,0.055777,0.027971,-8949.95,-132.493,83.529526,0,0,0,0,2.7227101,2.7227101,none,true,0,0,0,Stand,0.127932,,,,1,0->0:Exact,NONE
5,0.083748,0.011959,-8949.95,-132.493,83.529526,0,0,0,0,2.7227101,2.7227101,none,true,0,0,0,Stand,0.1398907,,,,1,0->0:Exact,NONE
6,0.095706,0.016470,-8949.95,-132.493,83.529526,0,0,0,0,2.7227101,2.7227101,none,true,0,0,0,Stand,0.1563609,,,,1,0->0:Exact,NONE
7,0.112177,0.016502,-8949.95,-132.493,83.529526,0,0,0,0,2.7227101,2.7227101,none,true,0,0,0,Stand,0.1728628,,,,1,0->0:Exact,NONE
8,0.128679,0.016194,-8949.95,-132.493,83.529526,0,0,0,0,2.7227101,2.7227101,none,true,0,0,0,Stand,0.1890571,,,,1,0->0:Exact,NONE
9,0.144873,0.011258,-8949.95,-132.493,83.529526,0,0,0,0,2.7227101,2.7227101,none,true,0,0,0,Stand,0.2003153,,,,1,0->0:Exact,NONE
10,0.156131,0.016554,-8949.95,-132.493,83.529526,0,0,0,0,2.7227101,2.7227101,none,true,0,0,0,Stand,0.2168696,,,,1,0->0:Exact,NONE
11,0.172685,0.022755,-8949.95,-132.493,83.529526,0,0,0,0,2.7227101,2.7227101,none,true,0,0,0,Stand,0.23962429,,,,1,0->0:Exact,NONE
12,0.195440,0.016466,-8949.95,-132.493,83.529526,0,0,0,0,2.7227101,2.7227101,none,true,0,0,0,Stand,0.2560905,,,,1,0->0:Exact,NONE
13,0.211906,0.010645,-8949.95,-132.493,83.529526,0,0,0,0,2.7227101,2.7227101,none,true,0,0,0,Stand,0.2667353,,,,1,0->0:Exact,NONE
14,0.222551,0.016648,-8949.95,-132.493,83.529526,0,0,0,0,2.7227101,2.7227101,none,true,0,0,0,Stand,0.2833832,,,,1,0->0:Exact,NONE
15,0.239199,0.022552,-8949.95,-132.493,83.529526,0,0,0,0,2.7227101,2.7227101,none,true,0,0,0,Stand,0.3059355,,,,1,0->0:Exact,NONE
16,0.261751,0.010886,-8949.95,-132.493,83.529526,0,0,0,0,2.7227101,2.7227101,none,true,0,0,0,Stand,0.3168213,,,,1,0->0:Exact,NONE
17,0.272637,0.022392,-8949.95,-132.493,83.529526,0,0,0,0,2.7227101,2.7227101,none,true,0,0,0,Stand,0.3392136,,,,1,0->0:Exact,NONE
18,0.295029,0.016821,-8949.95,-132.493,83.529526,0,0,0,0,2.7227101,2.7227101,none,true,0,0,0,Stand,0.3560343,,,,1,0->0:Exact,NONE
19,0.311850,0.010720,-8949.95,-132.493,83.529526,0,0,0,0,2.7227101,2.7227101,none,true,0,0,0,Stand,0.3667544,,,,1,0->0:Exact,NONE
20,0.322570,0.022339,-8949.95,-132.493,83.529526,0,0,0,0,2.7227101,2.7227101,none,true,0,0,0,Stand,0.38909352,,,,1,0->0:Exact,NONE
21,0.344909,0.015398,-8949.95,-132.493,83.529526,0,0,0,0,2.7227101,2.7227101,none,true,0,0,0,Stand,0.40449122,,,,1,0->0:Exact,NONE
22,0.360307,0.012321,-8949.95,-132.493,83.529526,0,0,0,0,2.7227101,2.7227101,none,true,0,0,0,Stand,0.4168122,,,,1,0->0:Exact,NONE
23,0.372628,0.021146,-8949.95,-132.493,83.529526,0,0,0,0,2.7227101,2.7227101,none,true,0,0,0,Stand,0.43795782,,,,1,0->0:Exact,NONE
24,0.393774,0.012239,-8949.95,-132.493,83.529526,0,0,0,0,2.7227101,2.7227101,none,true,0,0,0,Stand,0.45019683,,,,1,0->0:Exact,NONE
25,0.406013,0.020626,-8949.95,-132.493,83.529526,0,0,0,0,2.7227101,2.7227101,none,true,0,0,0,Stand,0.47082272,,,,1,0->0:Exact,NONE
26,0.426638,0.016457,-8949.95,-132.493,83.529526,0,0,0,0,2.7227101,2.7227101,none,true,0,0,0,Stand,0.48727983,,,,1,0->0:Exact,NONE
27,0.443096,0.016956,-8949.95,-132.493,83.529526,0,0,0,0,2.7227101,2.7227101,none,true,0,0,0,Stand,0.5042355,,,,1,0->0:Exact,NONE
28,0.460051,0.016934,-8949.95,-132.493,83.529526,0,0,0,0,2.7227101,2.7227101,none,true,0,0,0,Stand,0.5211699,,,,1,0->0:Exact,NONE
29,0.476986,0.016526,-8949.95,-132.493,83.529526,0,0,0,0,2.7227101,2.7227101,none,true,0,0,0,Stand,0.5376957,,,,1,0->0:Exact,NONE
30,0.493511,0.016634,-8949.95,-132.493,83.529526,0,0,0,0,2.7227101,2.7227101,none,true,0,0,0,Stand,0.55432993,,,,1,0->0:Exact,NONE
31,0.510146,0.012852,-8949.95,-132.493,83.529526,0,0,0,0,2.7227101,2.7227101,none,true,0,0,0,Stand,0.5671823,,,,1,0->0:Exact,NONE
32,0.522998,0.021483,-8949.95,-132.493,83.529526,0,0,0,0,2.7227101,2.7227101,none,true,0,0,0,Stand,0.5886655,,,,1,0->0:Exact,NONE
33,0.544481,0.011884,-8949.95,-132.493,83.529526,0,0,0,0,2.7227101,2.7227101,none,true,0,0,0,Stand,0.60054946,,,,1,0->0:Exact,NONE
34,0.556365,0.020918,-8949.95,-132.493,83.529526,0,0,0,0,2.7227101,2.7227101,none,true,0,0,0,Stand,0.62146705,,,,1,0->0:Exact,NONE
35,0.577283,0.016185,-8949.95,-132.493,83.529526,0,0,0,0,2.7227101,2.7227101,none,true,0,0,0,Stand,0.63765246,,,,1,0->0:Exact,NONE
36,0.593468,0.012789,-8949.95,-132.493,83.529526,0,0,0,0,2.7227101,2.7227101,none,true,0,0,0,Stand,0.6504415,,,,1,0->0:Exact,NONE
37,0.606257,0.020834,-8949.95,-132.493,83.529526,0,0,0,0,2.7227101,2.7227101,none,true,0,0,0,Stand,0.6712753,,,,1,0->0:Exact,NONE
38,0.627091,0.012581,-8949.95,-132.493,83.529526,0,0,0,0,2.7227101,2.7227101,none,true,0,0,0,Stand,0.6838559,,,,1,0->0:Exact,NONE
39,0.639672,0.022367,-8949.95,-132.493,83.529526,0,0,0,0,2.7227101,2.7227101,none,true,0,0,0,Stand,0.7062229,,,,1,0->0:Exact,NONE
40,0.662039,0.014903,-8949.95,-132.493,83.529526,0,0,0,0,2.7227101,2.7227101,none,true,0,0,0,Stand,0.72112536,,,,1,0->0:Exact,NONE
41,0.676941,0.012700,-8949.95,-132.493,83.529526,0,0,0,0,2.7227101,2.7227101,none,true,0,0,0,Stand,0.73382586,,,,1,0->0:Exact,NONE
42,0.689642,0.020942,-8949.95,-132.493,83.529526,0,0,0,0,2.7227101,2.7227101,none,true,0,0,0,Stand,0.75476825,,,,1,0->0:Exact,NONE
43,0.710584,0.012622,-8949.95,-132.493,83.529526,0,0,0,0,2.7227101,2.7227101,none,true,0,0,0,Stand,0.76739067,,,,1,0->0:Exact,NONE
44,0.723207,0.020536,-8949.95,-132.493,83.529526,0,0,0,0,2.7227101,2.7227101,none,true,0,0,0,Stand,0.7879271,,,,1,0->0:Exact,NONE
45,0.743743,0.017155,-8949.95,-132.493,83.529526,0,0,0,0,2.7227101,2.7227101,none,true,0,0,0,Stand,0.8050822,,,,1,0->0:Exact,NONE
46,0.760898,0.012363,-8949.95,-132.493,83.529526,0,0,0,0,2.7227101,2.7227101,none,true,0,0,0,Stand,0.8174451,,,,1,0->0:Exact,NONE
47,0.773261,0.021084,-8949.95,-132.493,83.529526,0,0,0,0,2.7227101,2.7227101,none,true,0,0,0,Stand,0.8385289,,,,1,0->0:Exact,NONE
48,0.794345,0.012098,-8949.95,-132.493,83.529526,0,0,0,0,2.7227101,2.7227101,none,true,0,0,0,Stand,0.85062665,,,,1,0->0:Exact,NONE
49,0.806443,0.020922,-8949.95,-132.493,83.529526,0,0,0,0,2.7227101,2.7227101,none,true,0,0,0,Stand,0.87154853,,,,1,0->0:Exact,NONE
50,0.827364,0.016264,-8949.95,-132.493,83.529526,0,0,0,0,2.7227101,2.7227101,none,true,0,0,0,Stand,0.88781244,,,,1,0->0:Exact,NONE
51,0.843628,0.012752,-8949.95,-132.493,83.529526,0,0,0,0,2.7227101,2.7227101,none,true,0,0,0,Stand,0.90056485,,,,1,0->0:Exact,NONE
52,0.856381,0.021310,-8949.95,-132.493,83.529526,0,0,0,0,2.7227101,2.7227101,none,true,0,0,0,Stand,0.92187464,,,,1,0->0:Exact,NONE
53,0.877691,0.012277,-8949.95,-132.493,83.529526,0,0,0,0,2.7227101,2.7227101,none,true,0,0,0,Stand,0.93415123,,,,1,0->0:Exact,NONE
54,0.889967,0.020368,-8949.95,-132.493,83.529526,0,0,0,0,2.7227101,2.7227101,none,true,0,0,0,Stand,0.9545189,,,,1,0->0:Exact,NONE
55,0.910335,0.016566,-8949.95,-132.493,83.529526,0,0,0,0,2.7227101,2.7227101,none,true,0,0,0,Stand,0.9710846,,,,1,0->0:Exact,NONE
56,0.926901,0.013231,-8949.95,-132.493,83.529526,0,0,0,0,2.7227101,2.7227101,none,true,0,0,0,Stand,0.9843158,,,,1,0->0:Exact,NONE
57,0.940132,0.020383,-8949.95,-132.493,83.529526,0,0,0,0,2.7227101,2.7227101,none,true,0,0,0,Stand,1.0046988,,,,1,0->0:Exact,NONE
58,0.960515,0.012696,-8949.95,-132.493,83.529526,0,0,0,0,2.7227101,2.7227101,none,true,0,0,0,Stand,1.0173945,,,,1,0->0:Exact,NONE
59,0.973211,0.020208,-8949.95,-132.493,83.529526,0,0,0,0,2.7227101,2.7227101,none,true,0,0,0,Stand,1.0376023,,,,1,0->0:Exact,NONE
60,0.993418,0.016668,-8949.95,-132.493,83.529526,0,0,0,0,2.7227101,2.7227101,none,true,0,0,0,Stand,1.0542699,,,,1,0->0:Exact,NONE
61,1.010086,0.017035,-8949.95,-132.493,83.529526,0,0,0,0,2.7227101,2.7227101,none,true,0,0,0,Stand,1.0713046,,,,1,0->0:Exact,NONE
62,1.027121,0.016281,-8949.95,-132.493,83.529526,0,0,0,0,2.7227101,2.7227101,none,true,0,0,0,Stand,1.0875858,,,,1,0->0:Exact,NONE
63,1.043402,0.016803,-8949.95,-132.493,83.529526,0,0,0,0,2.7227101,2.7227101,none,true,0,0,0,Stand,1.104389,,,,1,0->0:Exact,NONE
64,1.060205,0.016644,-8949.95,-132.493,83.529526,0,0,0,0,2.7227101,2.7227101,none,true,0,0,0,Stand,1.1210333,,,,1,0->0:Exact,NONE
65,1.076850,0.013957,-8949.95,-132.493,83.529526,0,0,0,0,2.7227101,2.7227101,none,true,0,0,0,Stand,1.1349905,,,,1,0->0:Exact,NONE
66,1.090807,0.018717,-8949.95,-132.493,83.529526,0,0,0,0,2.7227101,2.7227101,none,true,0,0,0,Stand,1.153707,,,,1,0->0:Exact,NONE
67,1.109523,0.016705,-8949.95,-132.493,83.529526,0,0,0,0,2.7227101,2.7227101,none,true,0,0,0,Stand,1.1704122,,,,1,0->0:Exact,NONE
68,1.126228,0.016537,-8949.95,-132.493,83.529526,0,0,0,0,2.7227101,2.7227101,none,true,0,0,0,Stand,1.1869496,,,,1,0->0:Exact,NONE
69,1.142766,0.014005,-8949.95,-132.493,83.529526,0,0,0,0,2.7227101,2.7227101,none,true,0,0,0,Stand,1.2009548,,,,1,0->0:Exact,NONE
70,1.156771,0.016625,-8949.95,-132.493,83.529526,0,0,0,0,2.7227101,2.7227101,none,true,0,0,0,Stand,1.2175795,,,,1,0->0:Exact,NONE
71,1.173396,0.016584,-8949.95,-132.493,83.529526,0,0,0,0,2.7227101,2.7227101,none,true,0,0,0,Stand,1.2341632,,,,1,0->0:Exact,NONE
72,1.189979,0.019436,-8949.95,-132.493,83.529526,0,0,0,0,2.7227101,2.7227101,none,true,0,0,0,Stand,1.253599,,,,1,0->0:Exact,NONE
73,1.209415,0.016819,-8949.95,-132.493,83.529526,0,0,0,0,2.7227101,2.7227101,none,true,0,0,0,Stand,1.2704185,,,,1,0->0:Exact,NONE
74,1.226235,0.017096,-8949.95,-132.493,83.529526,0,0,0,0,2.7227101,2.7227101,none,true,0,0,0,Stand,1.2875143,,,,1,0->0:Exact,NONE
75,1.243331,0.016616,-8949.95,-132.493,83.529526,0,0,0,0,2.7227101,2.7227101,none,true,0,0,0,Stand,1.3041301,,,,1,0->0:Exact,NONE
76,1.259946,0.017749,-8949.95,-132.493,83.529526,0,0,0,0,2.7227101,2.7227101,none,true,0,0,0,Stand,1.321879,,,,1,0->0:Exact,NONE
77,1.277695,0.015104,-8949.95,-132.493,83.529526,0,0,0,0,2.7227101,2.7227101,none,true,0,0,0,Stand,1.3369831,,,,1,0->0:Exact,NONE
78,1.292799,0.016442,-8949.95,-132.493,83.529526,0,0,0,0,2.7227101,2.7227101,none,true,0,0,0,Stand,1.3534249,,,,1,0->0:Exact,NONE
79,1.309241,0.014423,-8949.95,-132.493,83.529526,0,0,0,0,2.7227101,2.7227101,none,true,0,0,0,Stand,1.3678476,,,,1,0->0:Exact,NONE
80,1.323664,0.018805,-8949.95,-132.493,83.529526,0,0,0,0,2.7227101,2.7227101,none,true,0,0,0,Stand,1.3866521,,,,1,0->0:Exact,NONE
81,1.342468,0.016731,-8949.95,-132.493,83.529526,0,0,0,0,2.7227101,2.7227101,none,true,0,0,0,Stand,1.4033833,,,,1,0->0:Exact,NONE
82,1.359200,0.016894,-8949.95,-132.493,83.529526,0,0,0,0,2.7227101,2.7227101,none,true,0,0,0,Stand,1.4202768,,,,1,0->0:Exact,NONE
83,1.376093,0.015088,-8949.95,-132.493,83.529526,0,0,0,0,2.7227101,2.7227101,none,true,0,0,0,Stand,1.4353644,,,,1,0->0:Exact,NONE
84,1.391181,0.018654,-8949.95,-132.493,83.529526,0,0,0,0,2.7227101,2.7227101,none,true,0,0,0,Stand,1.4540184,,,,1,0->0:Exact,NONE
85,1.409835,0.016522,-8949.95,-132.493,83.529526,0,0,0,0,2.7227101,2.7227101,none,true,0,0,0,Stand,1.47054,,,,1,0->0:Exact,NONE
86,1.426356,0.016314,-8949.95,-132.493,83.529526,0,0,0,0,2.7227101,2.7227101,none,true,0,0,0,Stand,1.486854,,,,1,0->0:Exact,NONE
87,1.442670,0.016640,-8949.95,-132.493,83.529526,0,0,0,0,2.7227101,2.7227101,none,true,0,0,0,Stand,1.503494,,,,1,0->0:Exact,NONE
88,1.459310,0.016961,-8949.95,-132.493,83.529526,0,0,0,0,2.7227101,2.7227101,none,true,0,0,0,Stand,1.5204554,,,,1,0->0:Exact,NONE
89,1.476272,0.016449,-8949.95,-132.493,83.529526,0,0,0,0,2.7227101,2.7227101,none,true,0,0,0,Stand,1.5369041,,,,1,0->0:Exact,NONE
90,1.492720,0.017114,-8949.95,-132.493,83.529526,0,0,0,0,2.7227101,2.7227101,none,true,0,0,0,Stand,1.5540185,,,,1,0->0:Exact,NONE
91,1.509835,0.016299,-8949.95,-132.493,83.529526,0,0,0,0,2.7227101,2.7227101,none,true,0,0,0,Stand,1.570318,,,,1,0->0:Exact,NONE
92,1.526134,0.017834,-8949.95,-132.493,83.529526,0,0,0,0,2.7227101,2.7227101,none,true,0,0,0,Stand,1.5881523,,,,1,0->0:Exact,NONE
93,1.543969,0.015789,-8949.95,-132.493,83.529526,0,0,0,0,2.7227101,2.7227101,none,true,0,0,0,Stand,1.6039413,,,,1,0->0:Exact,NONE
94,1.559758,0.016469,-8949.95,-132.493,83.529526,0,0,0,0,2.7227101,2.7227101,none,true,0,0,0,Stand,1.6204108,,,,1,0->0:Exact,NONE
95,1.576227,0.017302,-8949.95,-132.493,83.529526,0,0,0,0,2.7227101,2.7227101,none,true,0,0,0,Stand,1.6377127,,,,1,0->0:Exact,NONE
96,1.593529,0.016272,-8949.95,-132.493,83.529526,0,0,0,0,2.7227101,2.7227101,none,true,0,0,0,Stand,1.653985,,,,1,0->0:Exact,NONE
97,1.609801,0.016221,-8949.95,-132.493,83.529526,0,0,0,0,2.7227101,2.7227101,none,true,0,0,0,Stand,1.6702061,,,,1,0->0:Exact,NONE
98,1.626022,0.016791,-8949.95,-132.493,83.529526,0,0,0,0,2.7227101,2.7227101,none,true,0,0,0,Stand,1.6869974,,,,1,0->0:Exact,NONE
99,1.642814,0.016523,-8949.95,-132.493,83.529526,0,0,0,0,2.7227101,2.7227101,none,true,0,0,0,Stand,1.7035199,,,,1,0->0:Exact,NONE
100,1.659336,0.017033,-8949.95,-132.493,83.529526,0,0,0,0,2.7227101,2.7227101,none,true,0,0,0,Stand,1.720553,,,,1,0->0:Exact,NONE
101,1.676369,0.017771,-8949.95,-132.493,83.529526,0,0,0,0,2.7227101,2.7227101,none,true,0,0,0,Stand,1.7383237,,,,1,0->0:Exact,NONE
102,1.694140,0.016821,-8949.95,-132.493,83.529526,0,0,0,0,2.7227101,2.7227101,none,true,0,0,0,Stand,1.755145,,,,1,0->0:Exact,NONE
103,1.710961,0.015351,-8949.95,-132.493,83.529526,0,0,0,0,2.7227101,2.7227101,none,true,0,0,0,Stand,1.7704958,,,,1,0->0:Exact,NONE
104,1.726312,0.014399,-8949.95,-132.493,83.529526,0,0,0,0,2.7227101,2.7227101,none,true,0,0,0,Stand,1.7848947,,,,1,0->0:Exact,NONE
105,1.740711,0.019110,-8949.95,-132.493,83.529526,0,0,0,0,2.7227101,2.7227101,none,true,0,0,0,Stand,1.8040042,,,,1,0->0:Exact,NONE
106,1.759820,0.016722,-8949.95,-132.493,83.529526,0,0,0,0,2.7227101,2.7227101,none,true,0,0,0,Stand,1.8207263,,,,1,0->0:Exact,NONE
107,1.776543,0.016857,-8949.95,-132.493,83.529526,0,0,0,0,2.7227101,2.7227101,none,true,0,0,0,Stand,1.8375828,,,,1,0->0:Exact,NONE
108,1.793399,0.013864,-8949.95,-132.493,83.529526,0,0,0,0,2.7227101,2.7227101,none,true,0,0,0,Stand,1.8514467,,,,1,0->0:Exact,NONE
109,1.807263,0.019219,-8949.95,-132.493,83.529526,0,0,0,0,2.7227101,2.7227101,none,true,0,0,0,Stand,1.8706661,,,,1,0->0:Exact,NONE
110,1.826482,0.017169,-8949.95,-132.493,83.529526,0,0,0,0,2.7227101,2.7227101,none,true,0,0,0,Stand,1.8878348,,,,1,0->0:Exact,NONE
111,1.843651,0.013538,-8949.95,-132.493,83.529526,0,0,0,0,2.7227101,2.7227101,none,true,0,0,0,Stand,1.9013727,,,,1,0->0:Exact,NONE
112,1.857189,0.019358,-8949.95,-132.493,83.529526,0,0,0,0,2.7227101,2.7227101,none,true,0,0,0,Stand,1.9207307,,,,1,0->0:Exact,NONE
113,1.876547,0.014059,-8949.95,-132.493,83.529526,0,0,0,0,2.7227101,2.7227101,none,true,0,0,0,Stand,1.9347894,,,,1,0->0:Exact,NONE
114,1.890606,0.019452,-8949.95,-132.493,83.529526,0,0,0,0,2.7227101,2.7227101,none,true,0,0,0,Stand,1.9542415,,,,1,0->0:Exact,NONE
115,1.910058,0.016414,-8949.95,-132.493,83.529526,0,0,0,0,2.7227101,2.7227101,none,true,0,0,0,Stand,1.9706552,,,,1,0->0:Exact,NONE
116,1.926471,0.016723,-8949.95,-132.493,83.529526,0,0,0,0,2.7227101,2.7227101,none,true,0,0,0,Stand,1.9873784,,,,1,0->0:Exact,NONE
117,1.943194,0.016570,-8949.95,-132.493,83.529526,0,0,0,0,2.7227101,2.7227101,none,true,0,0,0,Stand,2.003949,,,,1,0->0:Exact,NONE
118,1.959765,0.017367,-8949.95,-132.493,83.529526,0,0,0,0,2.7227101,2.7227101,none,true,0,0,0,Stand,2.0213163,,,,1,0->0:Exact,NONE
119,1.977132,0.016289,-8949.95,-132.493,83.529526,0,0,0,0,2.7227101,2.7227101,none,true,0,0,0,Stand,2.0376058,,,,1,0->0:Exact,NONE
120,1.993422,0.016665,-8949.95,-132.493,83.529526,0,0,0,0,2.7227101,2.7227101,none,true,0,0,0,Stand,2.0542705,,,,1,0->0:Exact,NONE
121,2.010087,0.014020,-8949.95,-132.493,83.529526,0,0,0,0,2.7227101,2.7227101,none,true,0,0,0,Stand,2.0682902,,,,1,0->0:Exact,NONE
122,2.024106,0.020658,-8949.95,-132.493,83.529526,0,0,0,0,2.7227101,2.7227101,none,true,0,0,0,Stand,2.0889485,,,,1,0->0:Exact,NONE
123,2.044765,0.016025,-8949.95,-132.493,83.529526,0,0,0,0,2.7227101,2.7227101,none,true,0,0,0,Stand,2.1049738,,,,1,0->0:Exact,NONE
124,2.060790,0.015954,-8949.95,-132.493,83.529526,0,0,0,0,2.7227101,2.7227101,none,true,0,0,0,Stand,2.1209278,,,,1,0->0:Exact,NONE
125,2.076744,0.013996,-8949.95,-132.493,83.529526,0,0,0,0,2.7227101,2.7227101,none,true,0,0,0,Stand,2.1349232,,,,1,0->0:Exact,NONE
126,2.090739,0.019417,-8949.95,-132.493,83.529526,0,0,0,0,2.7227101,2.7227101,none,true,0,0,0,Stand,2.1543405,,,,1,0->0:Exact,NONE
127,2.110157,0.014016,-8949.95,-132.493,83.529526,0,0,0,0,2.7227101,2.7227101,none,true,0,0,0,Stand,2.168357,,,,1,0->0:Exact,NONE
128,2.124173,0.016587,-8949.95,-132.493,83.529526,0,0,0,0,2.7227101,2.7227101,none,true,0,0,0,Stand,2.184944,,,,1,0->0:Exact,NONE
129,2.140760,0.019430,-8949.95,-132.493,83.529526,0,0,0,0,2.7227101,2.7227101,none,true,0,0,0,Stand,2.2043738,,,,1,0->0:Exact,NONE
130,2.160190,0.013879,-8949.95,-132.493,83.529526,0,0,0,0,2.7227101,2.7227101,none,true,0,0,0,Stand,2.218253,,,,1,0->0:Exact,NONE
131,2.174069,0.017002,-8949.95,-132.493,83.529526,0,0,0,0,2.7227101,2.7227101,none,true,0,0,0,Stand,2.2352552,,,,1,0->0:Exact,NONE
132,2.191071,0.019043,-8949.95,-132.493,83.529526,0,0,0,0,2.7227101,2.7227101,none,true,0,0,0,Stand,2.2542984,,,,1,0->0:Exact,NONE
133,2.210114,0.014035,-8949.95,-132.493,83.529526,0,0,0,0,2.7227101,2.7227101,none,true,0,0,0,Stand,2.2683334,,,,1,0->0:Exact,NONE
134,2.224149,0.019581,-8949.95,-132.493,83.529526,0,0,0,0,2.7227101,2.7227101,none,true,0,0,0,Stand,2.287914,,,,1,0->0:Exact,NONE
135,2.243730,0.016393,-8949.95,-132.493,83.529526,0,0,0,0,2.7227101,2.7227101,none,true,0,0,0,Stand,2.3043072,,,,1,0->0:Exact,NONE
136,2.260123,0.016799,-8949.95,-132.493,83.529526,0,0,0,0,2.7227101,2.7227101,none,true,0,0,0,Stand,2.3211064,,,,1,0->0:Exact,NONE
137,2.276922,0.014638,-8949.95,-132.493,83.529526,0,0,0,0,2.7227101,2.7227101,none,true,0,0,0,Stand,2.3357446,,,,1,0->0:Exact,NONE
138,2.291560,0.018823,-8949.95,-132.493,83.529526,0,0,0,0,2.7227101,2.7227101,none,true,0,0,0,Stand,2.3545675,,,,1,0->0:Exact,NONE
139,2.310383,0.014072,-8949.95,-132.493,83.529526,0,0,0,0,2.7227101,2.7227101,none,true,0,0,0,Stand,2.36864,,,,1,0->0:Exact,NONE
140,2.324456,0.019355,-8949.95,-132.493,83.529526,0,0,0,0,2.7227101,2.7227101,none,true,0,0,0,Stand,2.3879952,,,,1,0->0:Exact,NONE
141,2.343811,0.016596,-8949.95,-132.493,83.529526,0,0,0,0,2.7227101,2.7227101,none,true,0,0,0,Stand,2.4045916,,,,1,0->0:Exact,NONE
142,2.360407,0.016457,-8949.95,-132.493,83.529526,0,0,0,0,2.7227101,2.7227101,none,true,0,0,0,Stand,2.4210486,,,,1,0->0:Exact,NONE
143,2.376864,0.016524,-8949.95,-132.493,83.529526,0,0,0,0,2.7227101,2.7227101,none,true,0,0,0,Stand,2.4375722,,,,1,0->0:Exact,NONE
144,2.393388,0.016787,-8949.95,-132.493,83.529526,0,0,0,0,2.7227101,2.7227101,none,true,0,0,0,Stand,2.4543595,,,,1,0->0:Exact,NONE
145,2.410175,0.016644,-8949.95,-132.493,83.529526,0,0,0,0,2.7227101,2.7227101,none,true,0,0,0,Stand,2.4710033,,,,1,0->0:Exact,NONE
146,2.426819,0.016424,-8949.95,-132.493,83.529526,0,0,0,0,2.7227101,2.7227101,none,true,0,0,0,Stand,2.487427,,,,1,0->0:Exact,NONE
147,2.443243,0.016930,-8949.95,-132.493,83.529526,0,0,0,0,2.7227101,2.7227101,none,true,0,0,0,Stand,2.504357,,,,1,0->0:Exact,NONE
148,2.460173,0.016789,-8949.95,-132.493,83.529526,0,0,0,0,2.7227101,2.7227101,none,true,0,0,0,Stand,2.5211456,,,,1,0->0:Exact,NONE
149,2.476962,0.016933,-8949.95,-132.493,83.529526,0,0,0,0,2.7227101,2.7227101,none,true,0,0,0,Stand,2.5380783,,,,1,0->0:Exact,NONE
150,2.493894,0.016531,-8949.95,-132.493,83.529526,0,0,0,0,2.7227101,2.7227101,none,true,0,0,0,Stand,2.5546093,,,,1,0->0:Exact,NONE
151,2.510425,0.016239,-8949.95,-132.493,83.529526,0,0,0,0,2.7227101,2.7227101,none,true,0,0,0,Stand,2.5708487,,,,1,0->0:Exact,NONE
152,2.526665,0.016641,-8949.95,-132.493,83.529526,0,0,0,0,2.7227101,2.7227101,none,true,0,0,0,Stand,2.5874896,,,,1,0->0:Exact,NONE
153,2.543306,0.018079,-8949.95,-132.493,83.529526,0,0,0,0,2.7227101,2.7227101,none,true,0,0,0,Stand,2.605569,,,,1,0->0:Exact,NONE
154,2.561385,0.015951,-8949.95,-132.493,83.529526,0,0,0,0,2.7227101,2.7227101,none,true,0,0,0,Stand,2.6215203,,,,1,0->0:Exact,NONE
155,2.577336,0.016466,-8949.95,-132.493,83.529526,0,0,0,0,2.7227101,2.7227101,none,true,0,0,0,Stand,2.6379862,,,,1,0->0:Exact,NONE
156,2.593802,0.016824,-8949.95,-132.493,83.529526,0,0,0,0,2.7227101,2.7227101,none,true,0,0,0,Stand,2.65481,,,,1,0->0:Exact,NONE
157,2.610626,0.016698,-8949.95,-132.493,83.529526,0,0,0,0,2.7227101,2.7227101,none,true,0,0,0,Stand,2.6715083,,,,1,0->0:Exact,NONE
158,2.627324,0.016685,-8949.95,-132.493,83.529526,0,0,0,0,2.7227101,2.7227101,none,true,0,0,0,Stand,2.6881933,,,,1,0->0:Exact,NONE
159,2.644009,0.013964,-8949.95,-132.493,83.529526,0,0,0,0,2.7227101,2.7227101,none,true,0,0,0,Stand,2.702157,,,,1,0->0:Exact,NONE
160,2.657973,0.016724,-8949.95,-132.493,83.529526,0,0,0,0,2.7227101,2.7227101,none,true,0,0,0,Stand,2.7188807,,,,1,0->0:Exact,NONE
161,2.674697,0.016922,-8949.95,-132.493,83.529526,0,0,0,0,2.7227101,2.7227101,none,true,0,0,0,Stand,2.7358027,,,,1,0->0:Exact,NONE
162,2.691619,0.016554,-8949.95,-132.493,83.529526,0,0,0,0,2.7227101,2.7227101,none,true,0,0,0,Stand,2.7523565,,,,1,0->0:Exact,NONE
163,2.708173,0.016466,-8949.95,-132.493,83.529526,0,0,0,0,2.7227101,2.7227101,none,true,0,0,0,Stand,2.768823,,,,1,0->0:Exact,NONE
164,2.724639,0.016636,-8949.95,-132.493,83.529526,0,0,0,0,2.7227101,2.7227101,none,true,0,0,0,Stand,2.7854588,,,,1,0->0:Exact,NONE
165,2.741275,0.016713,-8949.95,-132.493,83.529526,0,0,0,0,2.7227101,2.7227101,none,true,0,0,0,Stand,2.8021717,,,,1,0->0:Exact,NONE
166,2.757988,0.016649,-8949.95,-132.493,83.529526,0,0,0,0,2.7227101,2.7227101,none,true,0,0,0,Stand,2.8188205,,,,1,0->0:Exact,NONE
167,2.774637,0.016751,-8949.95,-132.493,83.529526,0,0,0,0,2.7227101,2.7227101,none,true,0,0,0,Stand,2.8355715,,,,1,0->0:Exact,NONE
168,2.791388,0.016930,-8949.95,-132.493,83.529526,0,0,0,0,2.7227101,2.7227101,none,true,0,0,0,Stand,2.8525016,,,,1,0->0:Exact,NONE
169,2.808318,0.016333,-8949.95,-132.493,83.529526,0,0,0,0,2.7227101,2.7227101,none,true,0,0,0,Stand,2.868835,,,,1,0->0:Exact,NONE
170,2.824651,0.016922,-8949.95,-132.493,83.529526,0,0,0,0,2.7227101,2.7227101,none,true,0,0,0,Stand,2.8857565,,,,1,0->0:Exact,NONE
171,2.841573,0.016679,-8949.95,-132.493,83.529526,0,0,0,0,2.7227101,2.7227101,none,true,0,0,0,Stand,2.9024353,,,,1,0->0:Exact,NONE
172,2.858252,0.016538,-8949.95,-132.493,83.529526,0,0,0,0,2.7227101,2.7227101,none,true,0,0,0,Stand,2.9189732,,,,1,0->0:Exact,NONE
173,2.874789,0.017252,-8949.95,-132.493,83.529526,0,0,0,0,2.7227101,2.7227101,none,true,0,0,0,Stand,2.9362252,,,,1,0->0:Exact,NONE
174,2.892041,0.016473,-8949.95,-132.493,83.529526,0,0,0,0,2.7227101,2.7227101,none,true,0,0,0,Stand,2.952698,,,,1,0->0:Exact,NONE
175,2.908514,0.016349,-8949.95,-132.493,83.529526,0,0,0,0,2.7227101,2.7227101,none,true,0,0,0,Stand,2.9690468,,,,1,0->0:Exact,NONE
176,2.924863,0.016602,-8949.95,-132.493,83.529526,0,0,0,0,2.7227101,2.7227101,none,true,0,0,0,Stand,2.9856486,,,,1,0->0:Exact,NONE
177,2.941465,0.016757,-8949.95,-132.493,83.529526,0,0,0,0,2.7227101,2.7227101,none,true,0,0,0,Stand,3.0024061,,,,1,0->0:Exact,NONE
178,2.958222,0.016786,-8949.95,-132.493,83.529526,0,0,0,0,2.7227101,2.7227101,none,true,0,0,0,Stand,3.0191915,,,,1,0->0:Exact,NONE
179,2.975008,0.016734,-8949.95,-132.493,83.529526,0,0,0,0,2.7227101,2.7227101,none,true,0,0,0,Stand,3.0359251,,,,1,0->0:Exact,NONE
180,2.991742,0.016596,-8949.95,-132.493,83.529526,0,0,0,0,2.7227101,2.7227101,none,true,0,0,0,Stand,3.0525215,,,,1,0->0:Exact,NONE
181,3.008338,0.016540,-8949.95,-132.493,83.529526,0,0,0,0,2.7227101,2.7227101,none,true,0,0,0,Stand,3.0690613,,,,1,0->0:Exact,NONE
182,3.024877,0.016781,-8949.95,-132.493,83.529526,0,0,0,0,2.7227101,2.7227101,none,true,0,0,0,Stand,3.0858428,,,,1,0->0:Exact,NONE
183,3.041659,0.016882,-8949.95,-132.493,83.529526,0,0,0,0,2.7227101,2.7227101,none,true,0,0,0,Stand,3.1027246,,,,1,0->0:Exact,NONE
184,3.058541,0.016452,-8949.95,-132.493,83.529526,0,0,0,0,2.7227101,2.7227101,none,true,0,0,0,Stand,3.1191769,,,,1,0->0:Exact,NONE
185,3.074993,0.016646,-8949.95,-132.493,83.529526,0,0,0,0,2.7227101,2.7227101,none,true,0,0,0,Stand,3.135823,,,,1,0->0:Exact,NONE
186,3.091639,0.016802,-8949.95,-132.493,83.529526,0,0,0,0,2.7227101,2.7227101,none,true,0,0,0,Stand,3.1526246,,,,1,0->0:Exact,NONE
187,3.108441,0.017138,-8949.95,-132.493,83.529526,0,0,0,0,2.7227101,2.7227101,none,true,0,0,0,Stand,3.1697621,,,,1,0->0:Exact,NONE
188,3.125578,0.016202,-8949.95,-132.493,83.529526,0,0,0,0,2.7227101,2.7227101,none,true,0,0,0,Stand,3.185964,,,,1,0->0:Exact,NONE
189,3.141780,0.016505,-8949.95,-132.493,83.529526,0,0,0,0,2.7227101,2.7227101,none,true,0,0,0,Stand,3.2024686,,,,1,0->0:Exact,NONE
190,3.158285,0.016947,-8949.95,-132.493,83.529526,0,0,0,0,2.7227101,2.7227101,none,true,0,0,0,Stand,3.219416,,,,1,0->0:Exact,NONE
191,3.175232,0.017203,-8949.95,-132.493,83.529526,0,0,0,0,2.7227101,2.7227101,none,true,0,0,0,Stand,3.236619,,,,1,0->0:Exact,NONE
192,3.192435,0.015975,-8949.95,-132.493,83.529526,0,0,0,0,2.7227101,2.7227101,none,true,0,0,0,Stand,3.252594,,,,1,0->0:Exact,NONE
193,3.208410,0.016724,-8949.95,-132.493,83.529526,0,0,0,0,2.7227101,2.7227101,none,true,0,0,0,Stand,3.2693176,,,,1,0->0:Exact,NONE
194,3.225134,0.016647,-8949.95,-132.493,83.529526,0,0,0,0,2.7227101,2.7227101,none,true,0,0,0,Stand,3.285964,,,,1,0->0:Exact,NONE
195,3.241781,0.016863,-8949.95,-132.493,83.529526,0,0,0,0,2.7227101,2.7227101,none,true,0,0,0,Stand,3.3028266,,,,1,0->0:Exact,NONE
196,3.258643,0.016838,-8949.95,-132.493,83.529526,0,0,0,0,2.7227101,2.7227101,none,true,0,0,0,Stand,3.319665,,,,1,0->0:Exact,NONE
197,3.275482,0.016360,-8949.95,-132.493,83.529526,0,0,0,0,2.7227101,2.7227101,none,true,0,0,0,Stand,3.3360252,,,,1,0->0:Exact,NONE
198,3.291842,0.016668,-8949.95,-132.493,83.529526,0,0,0,0,2.7227101,2.7227101,none,true,0,0,0,Stand,3.3526933,,,,1,0->0:Exact,NONE
199,3.308510,0.016831,-8949.95,-132.493,83.529526,0,0,0,0,2.7227101,2.7227101,none,true,0,0,0,Stand,3.3695242,,,,1,0->0:Exact,NONE
200,3.325341,0.016461,-8949.95,-132.493,83.529526,0,0,0,0,2.7227101,2.7227101,none,true,0,0,0,Stand,3.385985,,,,1,0->0:Exact,NONE
201,3.341801,0.016628,-8949.95,-132.493,83.529526,0,0,0,0,2.7227101,2.7227101,none,true,0,0,0,Stand,3.4026124,,,,1,0->0:Exact,NONE
202,3.358429,0.016884,-8949.95,-132.493,83.529526,0,0,0,0,2.7227101,2.7227101,none,true,0,0,0,Stand,3.4194965,,,,1,0->0:Exact,NONE
203,3.375313,0.016526,-8949.95,-132.493,83.529526,0,0,0,0,2.7227101,2.7227101,none,true,0,0,0,Stand,3.4360225,,,,1,0->0:Exact,NONE
204,3.391839,0.016669,-8949.95,-132.493,83.529526,0,0,0,0,2.7227101,2.7227101,none,true,0,0,0,Stand,3.452691,,,,1,0->0:Exact,NONE
205,3.408508,0.017028,-8949.95,-132.493,83.529526,0,0,0,0,2.7227101,2.7227101,none,true,0,0,0,Stand,3.4697192,,,,1,0->0:Exact,NONE
206,3.425536,0.016394,-8949.95,-132.493,83.529526,0,0,0,0,2.7227101,2.7227101,none,true,0,0,0,Stand,3.486113,,,,1,0->0:Exact,NONE
207,3.441930,0.016582,-8949.95,-132.493,83.529526,0,0,0,0,2.7227101,2.7227101,none,true,0,0,0,Stand,3.5026953,,,,1,0->0:Exact,NONE
208,3.458512,0.016841,-8949.95,-132.493,83.529526,0,0,0,0,2.7227101,2.7227101,none,true,0,0,0,Stand,3.5195367,,,,1,0->0:Exact,NONE
209,3.475353,0.017314,-8949.95,-132.493,83.529526,0,0,0,0,2.7227101,2.7227101,none,true,0,0,0,Stand,3.536851,,,,1,0->0:Exact,NONE
210,3.492667,0.015828,-8949.95,-132.493,83.529526,0,0,0,0,2.7227101,2.7227101,none,true,0,0,0,Stand,3.5526795,,,,1,0->0:Exact,NONE
211,3.508496,0.016851,-8949.95,-132.493,83.529526,0,0,0,0,2.7227101,2.7227101,none,true,0,0,0,Stand,3.5695307,,,,1,0->0:Exact,NONE
212,3.525347,0.016533,-8949.95,-132.493,83.529526,0,0,0,0,2.7227101,2.7227101,none,true,0,0,0,Stand,3.586064,,,,1,0->0:Exact,NONE
213,3.541881,0.016788,-8949.95,-132.493,83.529526,0,0,0,0,2.7227101,2.7227101,none,true,0,0,0,Stand,3.602852,,,,1,0->0:Exact,NONE
214,3.558669,0.016689,-8949.95,-132.493,83.529526,0,0,0,0,2.7227101,2.7227101,none,true,0,0,0,Stand,3.6195414,,,,1,0->0:Exact,NONE
215,3.575358,0.016767,-8949.95,-132.493,83.529526,0,0,0,0,2.7227101,2.7227101,none,true,0,0,0,Stand,3.636308,,,,1,0->0:Exact,NONE
216,3.592125,0.016719,-8949.95,-132.493,83.529526,0,0,0,0,2.7227101,2.7227101,none,true,0,0,0,Stand,3.653027,,,,1,0->0:Exact,NONE
217,3.608844,0.016583,-8949.95,-132.493,83.529526,0,0,0,0,2.7227101,2.7227101,none,true,0,0,0,Stand,3.6696105,,,,1,0->0:Exact,NONE
218,3.625427,0.016897,-8949.95,-132.493,83.529526,0,0,0,0,2.7227101,2.7227101,none,true,0,0,0,Stand,3.6865072,,,,1,0->0:Exact,NONE
219,3.642324,0.016341,-8949.95,-132.493,83.529526,0,0,0,0,2.7227101,2.7227101,none,true,0,0,0,Stand,3.702848,,,,1,0->0:Exact,NONE
220,3.658665,0.016946,-8949.95,-132.493,83.529526,0,0,0,0,2.7227101,2.7227101,none,true,0,0,0,Stand,3.7197938,,,,1,0->0:Exact,NONE
221,3.675610,0.016648,-8949.95,-132.493,83.529526,0,0,0,0,2.7227101,2.7227101,none,true,0,0,0,Stand,3.7364423,,,,1,0->0:Exact,NONE
222,3.692259,0.016517,-8949.95,-132.493,83.529526,0,0,0,0,2.7227101,2.7227101,none,true,0,0,0,Stand,3.752959,,,,1,0->0:Exact,NONE
223,3.708776,0.016755,-8949.95,-132.493,83.529526,0,0,0,0,2.7227101,2.7227101,none,true,0,0,0,Stand,3.7697136,,,,1,0->0:Exact,NONE
224,3.725530,0.016987,-8949.95,-132.493,83.529526,0,0,0,0,2.7227101,2.7227101,none,true,0,0,0,Stand,3.7867007,,,,1,0->0:Exact,NONE
225,3.742517,0.016270,-8949.95,-132.493,83.529526,0,0,0,0,2.7227101,2.7227101,none,true,0,0,0,Stand,3.8029706,,,,1,0->0:Exact,NONE
226,3.758787,0.016787,-8949.95,-132.493,83.529526,0,0,0,0,2.7227101,2.7227101,none,true,0,0,0,Stand,3.8197575,,,,1,0->0:Exact,NONE
227,3.775574,0.017307,-8949.95,-132.493,83.529526,0,0,0,0,2.7227101,2.7227101,none,true,0,0,0,Stand,3.8370643,,,,1,0->0:Exact,NONE
228,3.792881,0.016051,-8949.95,-132.493,83.529526,0,0,0,0,2.7227101,2.7227101,none,true,0,0,0,Stand,3.8531153,,,,1,0->0:Exact,NONE
229,3.808932,0.016660,-8949.95,-132.493,83.529526,0,0,0,0,2.7227101,2.7227101,none,true,0,0,0,Stand,3.8697758,,,,1,0->0:Exact,NONE
230,3.825592,0.016959,-8949.95,-132.493,83.529526,0,0,0,0,2.7227101,2.7227101,none,true,0,0,0,Stand,3.8867352,,,,1,0->0:Exact,NONE
231,3.842552,0.016355,-8949.95,-132.493,83.529526,0,0,0,0,2.7227101,2.7227101,none,true,0,0,0,Stand,3.9030898,,,,1,0->0:Exact,NONE
232,3.858906,0.016745,-8949.95,-132.493,83.529526,0,0,0,0,2.7227101,2.7227101,none,true,0,0,0,Stand,3.9198349,,,,1,0->0:Exact,NONE
233,3.875652,0.016673,-8949.95,-132.493,83.529526,0,0,0,0,2.7227101,2.7227101,none,true,0,0,0,Stand,3.936508,,,,1,0->0:Exact,NONE
234,3.892325,0.016907,-8949.95,-132.493,83.529526,0,0,0,0,2.7227101,2.7227101,none,true,0,0,0,Stand,3.9534152,,,,1,0->0:Exact,NONE
235,3.909232,0.016465,-8949.95,-132.493,83.529526,0,0,0,0,2.7227101,2.7227101,none,true,0,0,0,Stand,3.9698806,,,,1,0->0:Exact,NONE
236,3.925697,0.016683,-8949.95,-132.493,83.529526,0,0,0,0,2.7227101,2.7227101,none,true,0,0,0,Stand,3.9865634,,,,1,0->0:Exact,NONE
237,3.942380,0.016438,-8949.95,-132.493,83.529526,0,0,0,0,2.7227101,2.7227101,none,true,0,0,0,Stand,4.0030017,,,,1,0->0:Exact,NONE
238,3.958819,0.016811,-8949.95,-132.493,83.529526,0,0,0,0,2.7227101,2.7227101,none,true,0,0,0,Stand,4.0198126,,,,1,0->0:Exact,NONE
239,3.975629,0.016806,-8949.95,-132.493,83.529526,0,0,0,0,2.7227101,2.7227101,none,true,0,0,0,Stand,4.0366187,,,,1,0->0:Exact,NONE
240,3.992436,0.016879,-8949.95,-132.493,83.529526,0,0,0,0,2.7227101,2.7227101,none,true,0,0,0,Stand,4.053498,,,,1,0->0:Exact,NONE
241,4.009315,0.016430,-8949.95,-132.493,83.529526,0,0,0,0,2.7227101,2.7227101,none,true,0,0,0,Stand,4.069927,,,,1,0->0:Exact,NONE
242,4.025744,0.016501,-8949.95,-132.493,83.529526,0,0,0,0,2.7227101,2.7227101,none,true,0,0,0,Stand,4.0864277,,,,1,0->0:Exact,NONE
243,4.042245,0.016836,-8949.95,-132.493,83.529526,0,0,0,0,2.7227101,2.7227101,none,true,0,0,0,Stand,4.103264,,,,1,0->0:Exact,NONE
244,4.059082,0.017066,-8949.95,-132.493,83.529526,0,0,0,0,2.7227101,2.7227101,none,true,0,0,0,Stand,4.1203303,,,,1,0->0:Exact,NONE
245,4.076148,0.016936,-8949.95,-132.493,83.529526,0,0,0,0,2.7227101,2.7227101,none,true,0,0,0,Stand,4.1372666,,,,1,0->0:Exact,NONE
246,4.093084,0.016202,-8949.95,-132.493,83.529526,0,0,0,0,2.7227101,2.7227101,none,true,0,0,0,Stand,4.153468,,,,1,0->0:Exact,NONE
247,4.109286,0.016457,-8949.95,-132.493,83.529526,0,0,0,0,2.7227101,2.7227101,none,true,0,0,0,Stand,4.169925,,,,1,0->0:Exact,NONE
248,4.125743,0.016884,-8949.95,-132.493,83.529526,0,0,0,0,2.7227101,2.7227101,none,true,0,0,0,Stand,4.1868095,,,,1,0->0:Exact,NONE
249,4.142627,0.016686,-8949.95,-132.493,83.529526,0,0,0,0,2.7227101,2.7227101,none,true,0,0,0,Stand,4.2034955,,,,1,0->0:Exact,NONE
250,4.159313,0.016449,-8949.95,-132.493,83.529526,0,0,0,0,2.7227101,2.7227101,none,true,0,0,0,Stand,4.219945,,,,1,0->0:Exact,NONE
251,4.175762,0.016720,-8949.95,-132.493,83.529526,0,0,0,0,2.7227101,2.7227101,none,true,0,0,0,Stand,4.236665,,,,1,0->0:Exact,NONE
252,4.192482,0.016881,-8949.95,-132.493,83.529526,0,0,0,0,2.7227101,2.7227101,none,true,0,0,0,Stand,4.2535458,,,,1,0->0:Exact,NONE
253,4.209363,0.016481,-8949.95,-132.493,83.529526,0,0,0,0,2.7227101,2.7227101,none,true,0,0,0,Stand,4.270027,,,,1,0->0:Exact,NONE
254,4.225845,0.016529,-8949.95,-132.493,83.529526,0,0,0,0,2.7227101,2.7227101,none,true,0,0,0,Stand,4.2865567,,,,1,0->0:Exact,NONE
255,4.242374,0.016745,-8949.95,-132.493,83.529526,0,0,0,0,2.7227101,2.7227101,none,true,0,0,0,Stand,4.3033013,,,,1,0->0:Exact,NONE
256,4.259119,0.017003,-8949.95,-132.493,83.529526,0,0,0,0,2.7227101,2.7227101,none,true,0,0,0,Stand,4.3203044,,,,1,0->0:Exact,NONE
257,4.276122,0.016478,-8949.95,-132.493,83.529526,0,0,0,0,2.7227101,2.7227101,none,true,0,0,0,Stand,4.3367825,,,,1,0->0:Exact,NONE
258,4.292600,0.016558,-8949.95,-132.493,83.529526,0,0,0,0,2.7227101,2.7227101,none,true,0,0,0,Stand,4.35334,,,,1,0->0:Exact,NONE
259,4.309158,0.016745,-8949.95,-132.493,83.529526,0,0,0,0,2.7227101,2.7227101,none,true,0,0,0,Stand,4.3700852,,,,1,0->0:Exact,NONE
260,4.325903,0.016780,-8949.95,-132.493,83.529526,0,0,0,0,2.7227101,2.7227101,none,true,0,0,0,Stand,4.3868656,,,,1,0->0:Exact,NONE
261,4.342683,0.016572,-8949.95,-132.493,83.529526,0,0,0,0,2.7227101,2.7227101,none,true,0,0,0,Stand,4.4034376,,,,1,0->0:Exact,NONE
262,4.359255,0.016616,-8949.95,-132.493,83.529526,0,0,0,0,2.7227101,2.7227101,none,true,0,0,0,Stand,4.4200535,,,,1,0->0:Exact,NONE
263,4.375871,0.017166,-8949.95,-132.493,83.529526,0,0,0,0,2.7227101,2.7227101,none,true,0,0,0,Stand,4.43722,,,,1,0->0:Exact,NONE
264,4.393037,0.016275,-8949.95,-132.493,83.529526,0,0,0,0,2.7227101,2.7227101,none,true,0,0,0,Stand,4.453495,,,,1,0->0:Exact,NONE
265,4.409312,0.016777,-8949.95,-132.493,83.529526,0,0,0,0,2.7227101,2.7227101,none,true,0,0,0,Stand,4.4702716,,,,1,0->0:Exact,NONE
266,4.426089,0.016565,-8949.95,-132.493,83.529526,0,0,0,0,2.7227101,2.7227101,none,true,0,0,0,Stand,4.486837,,,,1,0->0:Exact,NONE
267,4.442654,0.016629,-8949.95,-132.493,83.529526,0,0,0,0,2.7227101,2.7227101,none,true,0,0,0,Stand,4.5034657,,,,1,0->0:Exact,NONE
268,4.459283,0.016732,-8949.95,-132.493,83.529526,0,0,0,0,2.7227101,2.7227101,none,true,0,0,0,Stand,4.520198,,,,1,0->0:Exact,NONE
269,4.476015,0.017041,-8949.95,-132.493,83.529526,0,0,0,0,2.7227101,2.7227101,none,true,0,0,0,Stand,4.537239,,,,1,0->0:Exact,NONE
270,4.493056,0.016311,-8949.95,-132.493,83.529526,0,0,0,0,2.7227101,2.7227101,none,true,0,0,0,Stand,4.5535502,,,,1,0->0:Exact,NONE
271,4.509367,0.016553,-8949.95,-132.493,83.529526,0,0,0,0,2.7227101,2.7227101,none,true,0,0,0,Stand,4.5701036,,,,1,0->0:Exact,NONE
272,4.525921,0.016715,-8949.95,-132.493,83.529526,0,0,0,0,2.7227101,2.7227101,none,true,0,0,0,Stand,4.586819,,,,1,0->0:Exact,NONE
273,4.542636,0.016731,-8949.95,-132.493,83.529526,0,0,0,0,2.7227101,2.7227101,none,true,0,0,0,Stand,4.60355,,,,1,0->0:Exact,NONE
274,4.559367,0.016718,-8949.95,-132.493,83.529526,0,0,0,0,2.7227101,2.7227101,none,true,0,0,0,Stand,4.620268,,,,1,0->0:Exact,NONE
275,4.576085,0.016781,-8949.95,-132.493,83.529526,0,0,0,0,2.7227101,2.7227101,none,true,0,0,0,Stand,4.6370487,,,,1,0->0:Exact,NONE
276,4.592866,0.016582,-8949.95,-132.493,83.529526,0,0,0,0,2.7227101,2.7227101,none,true,0,0,0,Stand,4.6536303,,,,1,0->0:Exact,NONE
277,4.609447,0.016584,-8949.95,-132.493,83.529526,0,0,0,0,2.7227101,2.7227101,none,true,0,0,0,Stand,4.6702147,,,,1,0->0:Exact,NONE
278,4.626032,0.016793,-8949.95,-132.493,83.529526,0,0,0,0,2.7227101,2.7227101,none,true,0,0,0,Stand,4.6870074,,,,1,0->0:Exact,NONE
279,4.642824,0.016744,-8949.95,-132.493,83.529526,0,0,0,0,2.7227101,2.7227101,none,true,0,0,0,Stand,4.7037516,,,,1,0->0:Exact,NONE
280,4.659568,0.016753,-8949.95,-132.493,83.529526,0,0,0,0,2.7227101,2.7227101,none,true,0,0,0,Stand,4.7205048,,,,1,0->0:Exact,NONE
281,4.676321,0.017033,-8949.95,-132.493,83.529526,0,0,0,0,2.7227101,2.7227101,none,true,0,0,0,Stand,4.7375374,,,,1,0->0:Exact,NONE
282,4.693354,0.016253,-8949.95,-132.493,83.529526,0,0,0,0,2.7227101,2.7227101,none,true,0,0,0,Stand,4.7537904,,,,1,0->0:Exact,NONE
283,4.709607,0.016698,-8949.95,-132.493,83.529526,0,0,0,0,2.7227101,2.7227101,none,true,0,0,0,Stand,4.7704887,,,,1,0->0:Exact,NONE
284,4.726305,0.016580,-8949.95,-132.493,83.529526,0,0,0,0,2.7227101,2.7227101,none,true,0,0,0,Stand,4.787069,,,,1,0->0:Exact,NONE
285,4.742885,0.016748,-8949.95,-132.493,83.529526,0,0,0,0,2.7227101,2.7227101,none,true,0,0,0,Stand,4.803817,,,,1,0->0:Exact,NONE
286,4.759633,0.016689,-8949.95,-132.493,83.529526,0,0,0,0,2.7227101,2.7227101,none,true,0,0,0,Stand,4.820506,,,,1,0->0:Exact,NONE
287,4.776323,0.016752,-8949.95,-132.493,83.529526,0,0,0,0,2.7227101,2.7227101,none,true,0,0,0,Stand,4.8372583,,,,1,0->0:Exact,NONE
288,4.793075,0.016599,-8949.95,-132.493,83.529526,0,0,0,0,2.7227101,2.7227101,none,true,0,0,0,Stand,4.853857,,,,1,0->0:Exact,NONE
289,4.809673,0.016792,-8949.95,-132.493,83.529526,0,0,0,0,2.7227101,2.7227101,none,true,0,0,0,Stand,4.8706484,,,,1,0->0:Exact,NONE
290,4.826465,0.016430,-8949.95,-132.493,83.529526,0,0,0,0,2.7227101,2.7227101,none,true,0,0,0,Stand,4.8870783,,,,1,0->0:Exact,NONE
291,4.842894,0.016996,-8949.95,-132.493,83.529526,0,0,0,0,2.7227101,2.7227101,none,true,0,0,0,Stand,4.904074,,,,1,0->0:Exact,NONE
292,4.859890,0.016944,-8949.95,-132.493,83.529526,0,0,0,0,2.7227101,2.7227101,none,true,0,0,0,Stand,4.921018,,,,1,0->0:Exact,NONE
293,4.876835,0.016369,-8949.95,-132.493,83.529526,0,0,0,0,2.7227101,2.7227101,none,true,0,0,0,Stand,4.9373865,,,,1,0->0:Exact,NONE
294,4.893203,0.016791,-8949.95,-132.493,83.529526,0,0,0,0,2.7227101,2.7227101,none,true,0,0,0,Stand,4.954178,,,,1,0->0:Exact,NONE
295,4.909994,0.016310,-8949.95,-132.493,83.529526,0,0,0,0,2.7227101,2.7227101,none,true,0,0,0,Stand,4.9704885,,,,1,0->0:Exact,NONE
296,4.926305,0.016880,-8949.95,-132.493,83.529526,0,0,0,0,2.7227101,2.7227101,none,true,0,0,0,Stand,4.9873686,,,,1,0->0:Exact,NONE
297,4.943185,0.016659,-8949.95,-132.493,83.529526,0,0,0,0,2.7227101,2.7227101,none,true,0,0,0,Stand,5.0040274,,,,1,0->0:Exact,NONE
298,4.959844,0.016673,-8949.95,-132.493,83.529526,0,0,0,0,2.7227101,2.7227101,none,true,0,0,0,Stand,5.0207,,,,1,0->0:Exact,NONE
299,4.976517,0.017334,-8949.95,-132.493,83.529526,0,0,0,0,2.7227101,2.7227101,none,true,0,0,0,Stand,5.0380344,,,,1,0->0:Exact,NONE
300,4.993851,0.016164,-8949.95,-132.493,83.529526,0,0,0,0,2.7227101,2.7227101,none,true,0,0,0,Stand,5.0541987,,,,1,0->0:Exact,NONE
301,5.010015,0.017433,-8949.95,-132.493,83.529526,0,0,0,0,2.7227101,2.7227101,none,true,0,0,0,Stand,5.0716314,,,,1,0->0:Exact,NONE
302,5.027448,0.015812,-8949.95,-132.493,83.529526,0,0,0,0,2.7227101,2.7227101,none,true,0,0,0,Stand,5.0874434,,,,1,0->0:Exact,NONE
303,5.043260,0.017961,-8949.95,-132.493,83.529526,0,0,0,0,2.7227101,2.7227101,none,true,0,0,0,Stand,5.1054044,,,,1,0->0:Exact,NONE
304,5.061221,0.015573,-8949.95,-132.493,83.529526,0,0,0,0,2.7227101,2.7227101,none,true,0,0,0,Stand,5.120978,,,,1,0->0:Exact,NONE
305,5.076794,0.016536,-8949.95,-132.493,83.529526,0,0,0,0,2.7227101,2.7227101,none,true,0,0,0,Stand,5.1375136,,,,1,0->0:Exact,NONE
306,5.093330,0.016701,-8949.95,-132.493,83.529526,0,0,0,0,2.7227101,2.7227101,none,true,0,0,0,Stand,5.154214,,,,1,0->0:Exact,NONE
307,5.110030,0.016571,-8949.95,-132.493,83.529526,0,0,0,0,2.7227101,2.7227101,none,true,0,0,0,Stand,5.1707854,,,,1,0->0:Exact,NONE
308,5.126602,0.017043,-8949.95,-132.493,83.529526,0,0,0,0,2.7227101,2.7227101,none,true,0,0,0,Stand,5.187828,,,,1,0->0:Exact,NONE
309,5.143644,0.016446,-8949.95,-132.493,83.529526,0,0,0,0,2.7227101,2.7227101,none,true,0,0,0,Stand,5.204274,,,,1,0->0:Exact,NONE
310,5.160091,0.017056,-8949.95,-132.493,83.529526,0,0,0,0,2.7227101,2.7227101,none,true,0,0,0,Stand,5.2213297,,,,1,0->0:Exact,NONE
311,5.177146,0.016133,-8949.95,-132.493,83.529526,0,0,0,0,2.7227101,2.7227101,none,true,0,0,0,Stand,5.2374625,,,,1,0->0:Exact,NONE
312,5.193279,0.016692,-8949.95,-132.493,83.529526,0,0,0,0,2.7227101,2.7227101,none,true,0,0,0,Stand,5.254154,,,,1,0->0:Exact,NONE
313,5.209971,0.016714,-8949.95,-132.493,83.529526,0,0,0,0,2.7227101,2.7227101,none,true,0,0,0,Stand,5.270868,,,,1,0->0:Exact,NONE
314,5.226685,0.016546,-8949.95,-132.493,83.529526,0,0,0,0,2.7227101,2.7227101,none,true,0,0,0,Stand,5.287414,,,,1,0->0:Exact,NONE
315,5.243231,0.016771,-8949.95,-132.493,83.529526,0,0,0,0,2.7227101,2.7227101,none,true,0,0,0,Stand,5.304185,,,,1,0->0:Exact,NONE
316,5.260002,0.016906,-8949.95,-132.493,83.529526,0,0,0,0,2.7227101,2.7227101,none,true,0,0,0,Stand,5.3210907,,,,1,0->0:Exact,NONE
317,5.276907,0.017392,-8949.95,-132.493,83.529526,0,0,0,0,2.7227101,2.7227101,none,true,0,0,0,Stand,5.3384824,,,,1,0->0:Exact,NONE
318,5.294299,0.016066,-8949.95,-132.493,83.529526,0,0,0,0,2.7227101,2.7227101,none,true,0,0,0,Stand,5.354548,,,,1,0->0:Exact,NONE
319,5.310365,0.016372,-8949.95,-132.493,83.529526,0,0,0,0,2.7227101,2.7227101,none,true,0,0,0,Stand,5.37092,,,,1,0->0:Exact,NONE
320,5.326737,0.016676,-8949.95,-132.493,83.529526,0,0,0,0,2.7227101,2.7227101,none,true,0,0,0,Stand,5.387596,,,,1,0->0:Exact,NONE
321,5.343413,0.016671,-8949.95,-132.493,83.529526,0,0,0,0,2.7227101,2.7227101,none,true,0,0,0,Stand,5.404267,,,,1,0->0:Exact,NONE
322,5.360084,0.017040,-8949.95,-132.493,83.529526,0,0,0,0,2.7227101,2.7227101,none,true,0,0,0,Stand,5.421307,,,,1,0->0:Exact,NONE
323,5.377124,0.016599,-8949.95,-132.493,83.529526,0,0,0,0,2.7227101,2.7227101,none,true,0,0,0,Stand,5.4379063,,,,1,0->0:Exact,NONE
324,5.393724,0.016418,-8949.95,-132.493,83.529526,0,0,0,0,2.7227101,2.7227101,none,true,0,0,0,Stand,5.4543247,,,,1,0->0:Exact,NONE
325,5.410142,0.016741,-8949.95,-132.493,83.529526,0,0,0,0,2.7227101,2.7227101,none,true,0,0,0,Stand,5.4710655,,,,1,0->0:Exact,NONE
326,5.426883,0.016532,-8949.95,-132.493,83.529526,0,0,0,0,2.7227101,2.7227101,none,true,0,0,0,Stand,5.487597,,,,1,0->0:Exact,NONE
327,5.443414,0.016916,-8949.95,-132.493,83.529526,0,0,0,0,2.7227101,2.7227101,none,true,0,0,0,Stand,5.504513,,,,1,0->0:Exact,NONE
328,5.460330,0.016546,-8949.95,-132.493,83.529526,0,0,0,0,2.7227101,2.7227101,none,true,0,0,0,Stand,5.521058,,,,1,0->0:Exact,NONE
329,5.476876,0.016757,-8949.95,-132.493,83.529526,0,0,0,0,2.7227101,2.7227101,none,true,0,0,0,Stand,5.5378156,,,,1,0->0:Exact,NONE
330,5.493633,0.016727,-8949.95,-132.493,83.529526,0,0,0,0,2.7227101,2.7227101,none,true,0,0,0,Stand,5.554543,,,,1,0->0:Exact,NONE
331,5.510361,0.016590,-8949.95,-132.493,83.529526,0,0,0,0,2.7227101,2.7227101,none,true,0,0,0,Stand,5.571133,,,,1,0->0:Exact,NONE
332,5.526951,0.016446,-8949.95,-132.493,83.529526,0,0,0,0,2.7227101,2.7227101,none,true,0,0,0,Stand,5.5875793,,,,1,0->0:Exact,NONE
333,5.543397,0.017198,-8949.95,-132.493,83.529526,0,0,0,0,2.7227101,2.7227101,none,true,0,0,0,Stand,5.604778,,,,1,0->0:Exact,NONE
334,5.560595,0.016392,-8949.95,-132.493,83.529526,0,0,0,0,2.7227101,2.7227101,none,true,0,0,0,Stand,5.6211696,,,,1,0->0:Exact,NONE
335,5.576987,0.017402,-8949.95,-132.493,83.529526,0,0,0,0,2.7227101,2.7227101,none,true,0,0,0,Stand,5.638572,,,,1,0->0:Exact,NONE
336,5.594389,0.015887,-8949.95,-132.493,83.529526,0,0,0,0,2.7227101,2.7227101,none,true,0,0,0,Stand,5.6544595,,,,1,0->0:Exact,NONE
337,5.610277,0.016964,-8949.95,-132.493,83.529526,0,0,0,0,2.7227101,2.7227101,none,true,0,0,0,Stand,5.671424,,,,1,0->0:Exact,NONE
338,5.627241,0.016840,-8949.95,-132.493,83.529526,0,0,0,0,2.7227101,2.7227101,none,true,0,0,0,Stand,5.688264,,,,1,0->0:Exact,NONE
339,5.644081,0.016721,-8949.95,-132.493,83.529526,0,0,0,0,2.7227101,2.7227101,none,true,0,0,0,Stand,5.7049847,,,,1,0->0:Exact,NONE
340,5.660801,0.016406,-8949.95,-132.493,83.529526,0,0,0,0,2.7227101,2.7227101,none,true,0,0,0,Stand,5.7213907,,,,1,0->0:Exact,NONE
341,5.677207,0.018021,-8949.95,-132.493,83.529526,0,0,0,0,2.7227101,2.7227101,none,true,0,0,0,Stand,5.7394114,,,,1,0->0:Exact,NONE
342,5.695228,0.015271,-8949.95,-132.493,83.529526,0,0,0,0,2.7227101,2.7227101,none,true,0,0,0,Stand,5.754682,,,,1,0->0:Exact,NONE
343,5.710499,0.016769,-8949.95,-132.493,83.529526,0,0,0,0,2.7227101,2.7227101,none,true,0,0,0,Stand,5.771451,,,,1,0->0:Exact,NONE
344,5.727268,0.017081,-8949.95,-132.493,83.529526,0,0,0,0,2.7227101,2.7227101,none,true,0,0,0,Stand,5.7885323,,,,1,0->0:Exact,NONE
345,5.744349,0.019981,-8949.95,-132.493,83.529526,0,0,0,0,2.7227101,2.7227101,none,true,0,0,0,Stand,5.8085136,,,,1,0->0:Exact,NONE
346,5.764330,0.012683,-8949.95,-132.493,83.529526,0,0,0,0,2.7227101,2.7227101,none,true,0,0,0,Stand,5.821197,,,,1,0->0:Exact,NONE
347,5.777014,0.016772,-8949.95,-132.493,83.529526,0,0,0,0,2.7227101,2.7227101,none,true,0,0,0,Stand,5.8379683,,,,1,0->0:Exact,NONE
348,5.793785,0.016833,-8949.95,-132.493,83.529526,0,0,0,0,2.7227101,2.7227101,none,true,0,0,0,Stand,5.8548017,,,,1,0->0:Exact,NONE
349,5.810618,0.016525,-8949.95,-132.493,83.529526,0,0,0,0,2.7227101,2.7227101,none,true,0,0,0,Stand,5.8713264,,,,1,0->0:Exact,NONE
350,5.827143,0.016641,-8949.95,-132.493,83.529526,0,0,0,0,2.7227101,2.7227101,none,true,0,0,0,Stand,5.887967,,,,1,0->0:Exact,NONE
351,5.843784,0.016765,-8949.95,-132.493,83.529526,0,0,0,0,2.7227101,2.7227101,none,true,0,0,0,Stand,5.9047318,,,,1,0->0:Exact,NONE
352,5.860548,0.017049,-8949.95,-132.493,83.529526,0,0,0,0,2.7227101,2.7227101,none,true,0,0,0,Stand,5.921781,,,,1,0->0:Exact,NONE
353,5.877597,0.017298,-8949.95,-132.493,83.529526,0,0,0,0,2.7227101,2.7227101,none,true,0,0,0,Stand,5.939079,,,,1,0->0:Exact,NONE
354,5.894895,0.015694,-8949.95,-132.493,83.529526,0,0,0,0,2.7227101,2.7227101,none,true,0,0,0,Stand,5.9547725,,,,1,0->0:Exact,NONE
355,5.910589,0.016608,-8949.95,-132.493,83.529526,0,0,0,0,2.7227101,2.7227101,none,true,0,0,0,Stand,5.97138,,,,1,0->0:Exact,NONE
356,5.927196,0.016720,-8949.95,-132.493,83.529526,0,0,0,0,2.7227101,2.7227101,none,true,0,0,0,Stand,5.9881005,,,,1,0->0:Exact,NONE
357,5.943917,0.016834,-8949.95,-132.493,83.529526,0,0,0,0,2.7227101,2.7227101,none,true,0,0,0,Stand,6.004935,,,,1,0->0:Exact,NONE
358,5.960751,0.016673,-8949.95,-132.493,83.529526,0,0,0,0,2.7227101,2.7227101,none,true,0,0,0,Stand,6.0216074,,,,1,0->0:Exact,NONE
359,5.977424,0.016588,-8949.95,-132.493,83.529526,0,0,0,0,2.7227101,2.7227101,none,true,0,0,0,Stand,6.0381956,,,,1,0->0:Exact,NONE
360,5.994012,0.017133,-8949.95,-132.493,83.529526,0,0,0,0,2.7227101,2.7227101,none,true,0,0,0,Stand,6.0553284,,,,1,0->0:Exact,NONE
361,6.011144,0.016183,-8949.95,-132.493,83.529526,0,0,0,0,2.7227101,2.7227101,none,true,0,0,0,Stand,6.0715113,,,,1,0->0:Exact,NONE
362,6.027327,0.016753,-8949.95,-132.493,83.529526,0,0,0,0,2.7227101,2.7227101,none,true,0,0,0,Stand,6.088264,,,,1,0->0:Exact,NONE
363,6.044080,0.016613,-8949.95,-132.493,83.529526,0,0,0,0,2.7227101,2.7227101,none,true,0,0,0,Stand,6.1048775,,,,1,0->0:Exact,NONE
364,6.060694,0.016688,-8949.95,-132.493,83.529526,0,0,0,0,2.7227101,2.7227101,none,true,0,0,0,Stand,6.121566,,,,1,0->0:Exact,NONE
365,6.077382,0.016780,-8949.95,-132.493,83.529526,0,0,0,0,2.7227101,2.7227101,none,true,0,0,0,Stand,6.1383457,,,,1,0->0:Exact,NONE
366,6.094162,0.016662,-8949.95,-132.493,83.529526,0,0,0,0,2.7227101,2.7227101,none,true,0,0,0,Stand,6.155008,,,,1,0->0:Exact,NONE
367,6.110824,0.016755,-8949.95,-132.493,83.529526,0,0,0,0,2.7227101,2.7227101,none,true,0,0,0,Stand,6.1717634,,,,1,0->0:Exact,NONE
368,6.127579,0.016490,-8949.95,-132.493,83.529526,0,0,0,0,2.7227101,2.7227101,none,true,0,0,0,Stand,6.188253,,,,1,0->0:Exact,NONE
369,6.144069,0.016978,-8949.95,-132.493,83.529526,0,0,0,0,2.7227101,2.7227101,none,true,0,0,0,Stand,6.2052307,,,,1,0->0:Exact,NONE
370,6.161046,0.016588,-8949.95,-132.493,83.529526,0,0,0,0,2.7227101,2.7227101,none,true,0,0,0,Stand,6.221819,,,,1,0->0:Exact,NONE
371,6.177635,0.017625,-8949.95,-132.493,83.529526,0,0,0,0,2.7227101,2.7227101,none,true,0,0,0,Stand,6.2394443,,,,1,0->0:Exact,NONE
372,6.195260,0.015693,-8949.95,-132.493,83.529526,0,0,0,0,2.7227101,2.7227101,none,true,0,0,0,Stand,6.2551374,,,,1,0->0:Exact,NONE
373,6.210953,0.016461,-8949.95,-132.493,83.529526,0,0,0,0,2.7227101,2.7227101,none,true,0,0,0,Stand,6.2715983,,,,1,0->0:Exact,NONE
374,6.227414,0.016952,-8949.95,-132.493,83.529526,0,0,0,0,2.7227101,2.7227101,none,true,0,0,0,Stand,6.28855,,,,1,0->0:Exact,NONE
375,6.244366,0.016542,-8949.95,-132.493,83.529526,0,0,0,0,2.7227101,2.7227101,none,true,0,0,0,Stand,6.3050923,,,,1,0->0:Exact,NONE
376,6.260908,0.016587,-8949.95,-132.493,83.529526,0,0,0,0,2.7227101,2.7227101,none,true,0,0,0,Stand,6.321679,,,,1,0->0:Exact,NONE
377,6.277495,0.016656,-8949.95,-132.493,83.529526,0,0,0,0,2.7227101,2.7227101,none,true,0,0,0,Stand,6.338335,,,,1,0->0:Exact,NONE
378,6.294151,0.016957,-8949.95,-132.493,83.529526,0,0,0,0,2.7227101,2.7227101,none,true,0,0,0,Stand,6.355292,,,,1,0->0:Exact,NONE
379,6.311108,0.016618,-8949.95,-132.493,83.529526,0,0,0,0,2.7227101,2.7227101,none,true,0,0,0,Stand,6.3719096,,,,1,0->0:Exact,NONE
380,6.327725,0.016478,-8949.95,-132.493,83.529526,0,0,0,0,2.7227101,2.7227101,none,true,0,0,0,Stand,6.3883877,,,,1,0->0:Exact,NONE
381,6.344203,0.016762,-8949.95,-132.493,83.529526,0,0,0,0,2.7227101,2.7227101,none,true,0,0,0,Stand,6.4051495,,,,1,0->0:Exact,NONE
382,6.360965,0.016599,-8949.95,-132.493,83.529526,0,0,0,0,2.7227101,2.7227101,none,true,0,0,0,Stand,6.4217486,,,,1,0->0:Exact,NONE
383,6.377564,0.016753,-8949.95,-132.493,83.529526,0,0,0,0,2.7227101,2.7227101,none,true,0,0,0,Stand,6.438502,,,,1,0->0:Exact,NONE
384,6.394318,0.016681,-8949.95,-132.493,83.529526,0,0,0,0,2.7227101,2.7227101,none,true,0,0,0,Stand,6.455183,,,,1,0->0:Exact,NONE
385,6.410999,0.016604,-8949.95,-132.493,83.529526,0,0,0,0,2.7227101,2.7227101,none,true,0,0,0,Stand,6.4717865,,,,1,0->0:Exact,NONE
386,6.427603,0.016672,-8949.95,-132.493,83.529526,0,0,0,0,2.7227101,2.7227101,none,true,0,0,0,Stand,6.488458,,,,1,0->0:Exact,NONE
387,6.444274,0.016988,-8949.95,-132.493,83.529526,0,0,0,0,2.7227101,2.7227101,none,true,0,0,0,Stand,6.505446,,,,1,0->0:Exact,NONE
388,6.461262,0.016556,-8949.95,-132.493,83.529526,0,0,0,0,2.7227101,2.7227101,none,true,0,0,0,Stand,6.522002,,,,1,0->0:Exact,NONE
389,6.477819,0.017682,-8949.95,-132.493,83.529526,0,0,0,0,2.7227101,2.7227101,none,true,0,0,0,Stand,6.5396843,,,,1,0->0:Exact,NONE
390,6.495501,0.015720,-8949.95,-132.493,83.529526,0,0,0,0,2.7227101,2.7227101,none,true,0,0,0,Stand,6.555404,,,,1,0->0:Exact,NONE
391,6.511220,0.016388,-8949.95,-132.493,83.529526,0,0,0,0,2.7227101,2.7227101,none,true,0,0,0,Stand,6.571792,,,,1,0->0:Exact,NONE
392,6.527608,0.016924,-8949.95,-132.493,83.529526,0,0,0,0,2.7227101,2.7227101,none,true,0,0,0,Stand,6.5887156,,,,1,0->0:Exact,NONE
393,6.544532,0.016548,-8949.95,-132.493,83.529526,0,0,0,0,2.7227101,2.7227101,none,true,0,0,0,Stand,6.605264,,,,1,0->0:Exact,NONE
394,6.561080,0.016804,-8949.95,-132.493,83.529526,0,0,0,0,2.7227101,2.7227101,none,true,0,0,0,Stand,6.6220684,,,,1,0->0:Exact,NONE
395,6.577884,0.017077,-8949.95,-132.493,83.529526,0,0,0,0,2.7227101,2.7227101,none,true,0,0,0,Stand,6.6391454,,,,1,0->0:Exact,NONE
396,6.594961,0.016563,-8949.95,-132.493,83.529526,0,0,0,0,2.7227101,2.7227101,none,true,0,0,0,Stand,6.655709,,,,1,0->0:Exact,NONE
397,6.611525,0.016555,-8949.95,-132.493,83.529526,0,0,0,0,2.7227101,2.7227101,none,true,0,0,0,Stand,6.672264,,,,1,0->0:Exact,NONE
398,6.628080,0.017332,-8949.95,-132.493,83.529526,0,0,0,0,2.7227101,2.7227101,none,true,0,0,0,Stand,6.6895957,,,,1,0->0:Exact,NONE
399,6.645412,0.015854,-8949.95,-132.493,83.529526,0,0,0,0,2.7227101,2.7227101,none,true,0,0,0,Stand,6.7054496,,,,1,0->0:Exact,NONE
400,6.661265,0.016474,-8949.95,-132.493,83.529526,0,0,0,0,2.7227101,2.7227101,none,true,0,0,0,Stand,6.7219234,,,,1,0->0:Exact,NONE
401,6.677739,0.016924,-8949.95,-132.493,83.529526,0,0,0,0,2.7227101,2.7227101,none,true,0,0,0,Stand,6.7388477,,,,1,0->0:Exact,NONE
402,6.694664,0.016619,-8949.95,-132.493,83.529526,0,0,0,0,2.7227101,2.7227101,none,true,0,0,0,Stand,6.755467,,,,1,0->0:Exact,NONE
403,6.711283,0.016604,-8949.95,-132.493,83.529526,0,0,0,0,2.7227101,2.7227101,none,true,0,0,0,Stand,6.772071,,,,1,0->0:Exact,NONE
404,6.727887,0.016747,-8949.95,-132.493,83.529526,0,0,0,0,2.7227101,2.7227101,none,true,0,0,0,Stand,6.788818,,,,1,0->0:Exact,NONE
405,6.744634,0.016714,-8949.95,-132.493,83.529526,0,0,0,0,2.7227101,2.7227101,none,true,0,0,0,Stand,6.805532,,,,1,0->0:Exact,NONE
406,6.761348,0.016685,-8949.95,-132.493,83.529526,0,0,0,0,2.7227101,2.7227101,none,true,0,0,0,Stand,6.822217,,,,1,0->0:Exact,NONE
407,6.778033,0.018239,-8949.95,-132.493,83.529526,0,0,0,0,2.7227101,2.7227101,none,true,0,0,0,Stand,6.840456,,,,1,0->0:Exact,NONE
408,6.796272,0.015250,-8949.95,-132.493,83.529526,0,0,0,0,2.7227101,2.7227101,none,true,0,0,0,Stand,6.855706,,,,1,0->0:Exact,NONE
409,6.811522,0.016475,-8949.95,-132.493,83.529526,0,0,0,0,2.7227101,2.7227101,none,true,0,0,0,Stand,6.872181,,,,1,0->0:Exact,NONE
410,6.827996,0.016475,-8949.95,-132.493,83.529526,0,0,0,0,2.7227101,2.7227101,none,true,0,0,0,Stand,6.8886557,,,,1,0->0:Exact,NONE
411,6.844471,0.016950,-8949.95,-132.493,83.529526,0,0,0,0,2.7227101,2.7227101,none,true,0,0,0,Stand,6.9056053,,,,1,0->0:Exact,NONE
412,6.861421,0.016678,-8949.95,-132.493,83.529526,0,0,0,0,2.7227101,2.7227101,none,true,0,0,0,Stand,6.922283,,,,1,0->0:Exact,NONE
413,6.878099,0.016762,-8949.95,-132.493,83.529526,0,0,0,0,2.7227101,2.7227101,none,true,0,0,0,Stand,6.939045,,,,1,0->0:Exact,NONE
414,6.894861,0.016491,-8949.95,-132.493,83.529526,0,0,0,0,2.7227101,2.7227101,none,true,0,0,0,Stand,6.955536,,,,1,0->0:Exact,NONE
415,6.911351,0.016699,-8949.95,-132.493,83.529526,0,0,0,0,2.7227101,2.7227101,none,true,0,0,0,Stand,6.9722347,,,,1,0->0:Exact,NONE
416,6.928050,0.016524,-8949.95,-132.493,83.529526,0,0,0,0,2.7227101,2.7227101,none,true,0,0,0,Stand,6.9887586,,,,1,0->0:Exact,NONE
417,6.944574,0.016859,-8949.95,-132.493,83.529526,0,0,0,0,2.7227101,2.7227101,none,true,0,0,0,Stand,7.005617,,,,1,0->0:Exact,NONE
418,6.961433,0.016671,-8949.95,-132.493,83.529526,0,0,0,0,2.7227101,2.7227101,none,true,0,0,0,Stand,7.022288,,,,1,0->0:Exact,NONE
419,6.978104,0.016553,-8949.95,-132.493,83.529526,0,0,0,0,2.7227101,2.7227101,none,true,0,0,0,Stand,7.0388412,,,,1,0->0:Exact,NONE
420,6.994657,0.016753,-8949.95,-132.493,83.529526,0,0,0,0,2.7227101,2.7227101,none,true,0,0,0,Stand,7.0555944,,,,1,0->0:Exact,NONE
421,7.011410,0.017054,-8949.95,-132.493,83.529526,0,0,0,0,2.7227101,2.7227101,none,true,0,0,0,Stand,7.0726485,,,,1,0->0:Exact,NONE
422,7.028465,0.016272,-8949.95,-132.493,83.529526,0,0,0,0,2.7227101,2.7227101,none,true,0,0,0,Stand,7.08892,,,,1,0->0:Exact,NONE
423,7.044736,0.016804,-8949.95,-132.493,83.529526,0,0,0,0,2.7227101,2.7227101,none,true,0,0,0,Stand,7.1057243,,,,1,0->0:Exact,NONE
424,7.061540,0.016572,-8949.95,-132.493,83.529526,0,0,0,0,2.7227101,2.7227101,none,true,0,0,0,Stand,7.122297,,,,1,0->0:Exact,NONE
425,7.078113,0.018689,-8949.95,-132.493,83.529526,0,0,0,0,2.7227101,2.7227101,none,true,0,0,0,Stand,7.140986,,,,1,0->0:Exact,NONE
426,7.096802,0.014861,-8949.95,-132.493,83.529526,0,0,0,0,2.7227101,2.7227101,none,true,0,0,0,Stand,7.155847,,,,1,0->0:Exact,NONE
427,7.111663,0.016563,-8949.95,-132.493,83.529526,0,0,0,0,2.7227101,2.7227101,none,true,0,0,0,Stand,7.17241,,,,1,0->0:Exact,NONE
428,7.128226,0.016709,-8949.95,-132.493,83.529526,0,0,0,0,2.7227101,2.7227101,none,true,0,0,0,Stand,7.1891193,,,,1,0->0:Exact,NONE
429,7.144935,0.016776,-8949.95,-132.493,83.529526,0,0,0,0,2.7227101,2.7227101,none,true,0,0,0,Stand,7.205895,,,,1,0->0:Exact,NONE
430,7.161711,0.016597,-8949.95,-132.493,83.529526,0,0,0,0,2.7227101,2.7227101,none,true,0,0,0,Stand,7.222492,,,,1,0->0:Exact,NONE
431,7.178308,0.016640,-8949.95,-132.493,83.529526,0,0,0,0,2.7227101,2.7227101,none,true,0,0,0,Stand,7.239133,,,,1,0->0:Exact,NONE
432,7.194949,0.016625,-8949.95,-132.493,83.529526,0,0,0,0,2.7227101,2.7227101,none,true,0,0,0,Stand,7.255758,,,,1,0->0:Exact,NONE
433,7.211574,0.016752,-8949.95,-132.493,83.529526,0,0,0,0,2.7227101,2.7227101,none,true,0,0,0,Stand,7.2725096,,,,1,0->0:Exact,NONE
434,7.228325,0.016760,-8949.95,-132.493,83.529526,0,0,0,0,2.7227101,2.7227101,none,true,0,0,0,Stand,7.2892694,,,,1,0->0:Exact,NONE
435,7.245085,0.016609,-8949.95,-132.493,83.529526,0,0,0,0,2.7227101,2.7227101,none,true,0,0,0,Stand,7.3058786,,,,1,0->0:Exact,NONE
436,7.261694,0.016538,-8949.95,-132.493,83.529526,0,0,0,0,2.7227101,2.7227101,none,true,0,0,0,Stand,7.322417,,,,1,0->0:Exact,NONE
437,7.278232,0.017596,-8949.95,-132.493,83.529526,0,0,0,0,2.7227101,2.7227101,none,true,0,0,0,Stand,7.340013,,,,1,0->0:Exact,NONE
438,7.295829,0.015895,-8949.95,-132.493,83.529526,0,0,0,0,2.7227101,2.7227101,none,true,0,0,0,Stand,7.3559084,,,,1,0->0:Exact,NONE
439,7.311724,0.016664,-8949.95,-132.493,83.529526,0,0,0,0,2.7227101,2.7227101,none,true,0,0,0,Stand,7.372572,,,,1,0->0:Exact,NONE
440,7.328388,0.016628,-8949.95,-132.493,83.529526,0,0,0,0,2.7227101,2.7227101,none,true,0,0,0,Stand,7.3892,,,,1,0->0:Exact,NONE
441,7.345016,0.016763,-8949.95,-132.493,83.529526,0,0,0,0,2.7227101,2.7227101,none,true,0,0,0,Stand,7.405963,,,,1,0->0:Exact,NONE
442,7.361778,0.016613,-8949.95,-132.493,83.529526,0,0,0,0,2.7227101,2.7227101,none,true,0,0,0,Stand,7.4225755,,,,1,0->0:Exact,NONE
443,7.378391,0.017046,-8949.95,-132.493,83.529526,0,0,0,0,2.7227101,2.7227101,none,true,0,0,0,Stand,7.4396214,,,,1,0->0:Exact,NONE
444,7.395437,0.016327,-8949.95,-132.493,83.529526,0,0,0,0,2.7227101,2.7227101,none,true,0,0,0,Stand,7.4559484,,,,1,0->0:Exact,NONE
445,7.411764,0.016616,-8949.95,-132.493,83.529526,0,0,0,0,2.7227101,2.7227101,none,true,0,0,0,Stand,7.472564,,,,1,0->0:Exact,NONE
446,7.428380,0.016693,-8949.95,-132.493,83.529526,0,0,0,0,2.7227101,2.7227101,none,true,0,0,0,Stand,7.489258,,,,1,0->0:Exact,NONE
447,7.445073,0.016728,-8949.95,-132.493,83.529526,0,0,0,0,2.7227101,2.7227101,none,true,0,0,0,Stand,7.505986,,,,1,0->0:Exact,NONE
448,7.461802,0.016676,-8949.95,-132.493,83.529526,0,0,0,0,2.7227101,2.7227101,none,true,0,0,0,Stand,7.522662,,,,1,0->0:Exact,NONE
449,7.478478,0.016612,-8949.95,-132.493,83.529526,0,0,0,0,2.7227101,2.7227101,none,true,0,0,0,Stand,7.5392737,,,,1,0->0:Exact,NONE
450,7.495089,0.016694,-8949.95,-132.493,83.529526,0,0,0,0,2.7227101,2.7227101,none,true,0,0,0,Stand,7.555968,,,,1,0->0:Exact,NONE
451,7.511784,0.016669,-8949.95,-132.493,83.529526,0,0,0,0,2.7227101,2.7227101,none,true,0,0,0,Stand,7.5726366,,,,1,0->0:Exact,NONE
452,7.528452,0.017049,-8949.95,-132.493,83.529526,0,0,0,0,2.7227101,2.7227101,none,true,0,0,0,Stand,7.5896854,,,,1,0->0:Exact,NONE
453,7.545501,0.016667,-8949.95,-132.493,83.529526,0,0,0,0,2.7227101,2.7227101,none,true,0,0,0,Stand,7.6063523,,,,1,0->0:Exact,NONE
454,7.562168,0.016469,-8949.95,-132.493,83.529526,0,0,0,0,2.7227101,2.7227101,none,true,0,0,0,Stand,7.622821,,,,1,0->0:Exact,NONE
455,7.578636,0.017847,-8949.95,-132.493,83.529526,0,0,0,0,2.7227101,2.7227101,none,true,0,0,0,Stand,7.640668,,,,1,0->0:Exact,NONE
456,7.596484,0.015428,-8949.95,-132.493,83.529526,0,0,0,0,2.7227101,2.7227101,none,true,0,0,0,Stand,7.6560965,,,,1,0->0:Exact,NONE
457,7.611912,0.016595,-8949.95,-132.493,83.529526,0,0,0,0,2.7227101,2.7227101,none,true,0,0,0,Stand,7.6726913,,,,1,0->0:Exact,NONE
458,7.628507,0.016751,-8949.95,-132.493,83.529526,0,0,0,0,2.7227101,2.7227101,none,true,0,0,0,Stand,7.689442,,,,1,0->0:Exact,NONE
459,7.645257,0.016757,-8949.95,-132.493,83.529526,0,0,0,0,2.7227101,2.7227101,none,true,0,0,0,Stand,7.706199,,,,1,0->0:Exact,NONE
460,7.662014,0.016742,-8949.95,-132.493,83.529526,0,0,0,0,2.7227101,2.7227101,none,true,0,0,0,Stand,7.722941,,,,1,0->0:Exact,NONE
461,7.678756,0.016818,-8949.95,-132.493,83.529526,0,0,0,0,2.7227101,2.7227101,none,true,0,0,0,Stand,7.739759,,,,1,0->0:Exact,NONE
462,7.695574,0.016459,-8949.95,-132.493,83.529526,0,0,0,0,2.7227101,2.7227101,none,true,0,0,0,Stand,7.756218,,,,1,0->0:Exact,NONE
463,7.712033,0.016632,-8949.95,-132.493,83.529526,0,0,0,0,2.7227101,2.7227101,none,true,0,0,0,Stand,7.7728496,,,,1,0->0:Exact,NONE
464,7.728664,0.016816,-8949.95,-132.493,83.529526,0,0,0,0,2.7227101,2.7227101,none,true,0,0,0,Stand,7.789666,,,,1,0->0:Exact,NONE
465,7.745481,0.016763,-8949.95,-132.493,83.529526,0,0,0,0,2.7227101,2.7227101,none,true,0,0,0,Stand,7.8064294,,,,1,0->0:Exact,NONE
466,7.762244,0.016472,-8949.95,-132.493,83.529526,0,0,0,0,2.7227101,2.7227101,none,true,0,0,0,Stand,7.8229012,,,,1,0->0:Exact,NONE
467,7.778716,0.016663,-8949.95,-132.493,83.529526,0,0,0,0,2.7227101,2.7227101,none,true,0,0,0,Stand,7.839564,,,,1,0->0:Exact,NONE
468,7.795378,0.016722,-8949.95,-132.493,83.529526,0,0,0,0,2.7227101,2.7227101,none,true,0,0,0,Stand,7.856286,,,,1,0->0:Exact,NONE
469,7.812101,0.016970,-8949.95,-132.493,83.529526,0,0,0,0,2.7227101,2.7227101,none,true,0,0,0,Stand,7.8732557,,,,1,0->0:Exact,NONE
470,7.829070,0.016264,-8949.95,-132.493,83.529526,0,0,0,0,2.7227101,2.7227101,none,true,0,0,0,Stand,7.8895197,,,,1,0->0:Exact,NONE
471,7.845334,0.016762,-8949.95,-132.493,83.529526,0,0,0,0,2.7227101,2.7227101,none,true,0,0,0,Stand,7.906281,,,,1,0->0:Exact,NONE
472,7.862096,0.016643,-8949.95,-132.493,83.529526,0,0,0,0,2.7227101,2.7227101,none,true,0,0,0,Stand,7.922924,,,,1,0->0:Exact,NONE
473,7.878739,0.018140,-8949.95,-132.493,83.529526,0,0,0,0,2.7227101,2.7227101,none,true,0,0,0,Stand,7.9410644,,,,1,0->0:Exact,NONE
474,7.896879,0.015201,-8949.95,-132.493,83.529526,0,0,0,0,2.7227101,2.7227101,none,true,0,0,0,Stand,7.956266,,,,1,0->0:Exact,NONE
475,7.912080,0.016688,-8949.95,-132.493,83.529526,0,0,0,0,2.7227101,2.7227101,none,true,0,0,0,Stand,7.9729533,,,,1,0->0:Exact,NONE
476,7.928768,0.016803,-8949.95,-132.493,83.529526,0,0,0,0,2.7227101,2.7227101,none,true,0,0,0,Stand,7.9897566,,,,1,0->0:Exact,NONE
477,7.945571,0.016837,-8949.95,-132.493,83.529526,0,0,0,0,2.7227101,2.7227101,none,true,0,0,0,Stand,8.006594,,,,1,0->0:Exact,NONE
478,7.962408,0.016687,-8949.95,-132.493,83.529526,0,0,0,0,2.7227101,2.7227101,none,true,0,0,0,Stand,8.023281,,,,1,0->0:Exact,NONE
479,7.979095,0.016589,-8949.95,-132.493,83.529526,0,0,0,0,2.7227101,2.7227101,none,true,0,0,0,Stand,8.03987,,,,1,0->0:Exact,NONE
480,7.995684,0.016528,-8949.95,-132.493,83.529526,0,0,0,0,2.7227101,2.7227101,none,true,0,0,0,Stand,8.056398,,,,1,0->0:Exact,NONE
481,8.012213,0.016791,-8949.95,-132.493,83.529526,0,0,0,0,2.7227101,2.7227101,none,true,0,0,0,Stand,8.073189,,,,1,0->0:Exact,NONE
482,8.029003,0.016541,-8949.95,-132.493,83.529526,0,0,0,0,2.7227101,2.7227101,none,true,0,0,0,Stand,8.089729,,,,1,0->0:Exact,NONE
483,8.045544,0.017028,-8949.95,-132.493,83.529526,0,0,0,0,2.7227101,2.7227101,none,true,0,0,0,Stand,8.106757,,,,1,0->0:Exact,NONE
484,8.062573,0.016584,-8949.95,-132.493,83.529526,0,0,0,0,2.7227101,2.7227101,none,true,0,0,0,Stand,8.123341,,,,1,0->0:Exact,NONE
485,8.079156,0.016521,-8949.95,-132.493,83.529526,0,0,0,0,2.7227101,2.7227101,none,true,0,0,0,Stand,8.139862,,,,1,0->0:Exact,NONE
486,8.095677,0.016989,-8949.95,-132.493,83.529526,0,0,0,0,2.7227101,2.7227101,none,true,0,0,0,Stand,8.156852,,,,1,0->0:Exact,NONE
487,8.112667,0.016571,-8949.95,-132.493,83.529526,0,0,0,0,2.7227101,2.7227101,none,true,0,0,0,Stand,8.173423,,,,1,0->0:Exact,NONE
488,8.129237,0.016362,-8949.95,-132.493,83.529526,0,0,0,0,2.7227101,2.7227101,none,true,0,0,0,Stand,8.189785,,,,1,0->0:Exact,NONE
489,8.145599,0.016653,-8949.95,-132.493,83.529526,0,0,0,0,2.7227101,2.7227101,none,true,0,0,0,Stand,8.206438,,,,1,0->0:Exact,NONE
490,8.162252,0.016740,-8949.95,-132.493,83.529526,0,0,0,0,2.7227101,2.7227101,none,true,0,0,0,Stand,8.223178,,,,1,0->0:Exact,NONE
491,8.178992,0.020582,-8949.95,-132.493,83.529526,0,0,0,0,2.7227101,2.7227101,none,true,0,0,0,Stand,8.24376,,,,1,0->0:Exact,NONE
492,8.199574,0.013182,-8949.95,-132.493,83.529526,0,0,0,0,2.7227101,2.7227101,none,true,0,0,0,Stand,8.256942,,,,1,0->0:Exact,NONE
493,8.212756,0.016540,-8949.95,-132.493,83.529526,0,0,0,0,2.7227101,2.7227101,none,true,0,0,0,Stand,8.273482,,,,1,0->0:Exact,NONE
494,8.229297,0.016317,-8949.95,-132.493,83.529526,0,0,0,0,2.7227101,2.7227101,none,true,0,0,0,Stand,8.289799,,,,1,0->0:Exact,NONE
495,8.245613,0.016852,-8949.95,-132.493,83.529526,0,0,0,0,2.7227101,2.7227101,none,true,0,0,0,Stand,8.306651,,,,1,0->0:Exact,NONE
496,8.262466,0.016726,-8949.95,-132.493,83.529526,0,0,0,0,2.7227101,2.7227101,none,true,0,0,0,Stand,8.323378,,,,1,0->0:Exact,NONE
497,8.279192,0.016597,-8949.95,-132.493,83.529526,0,0,0,0,2.7227101,2.7227101,none,true,0,0,0,Stand,8.339974,,,,1,0->0:Exact,NONE
498,8.295789,0.016814,-8949.95,-132.493,83.529526,0,0,0,0,2.7227101,2.7227101,none,true,0,0,0,Stand,8.356788,,,,1,0->0:Exact,NONE
499,8.312602,0.016551,-8949.95,-132.493,83.529526,0,0,0,0,2.7227101,2.7227101,none,true,0,0,0,Stand,8.373339,,,,1,0->0:Exact,NONE
500,8.329153,0.016654,-8949.95,-132.493,83.529526,0,0,0,0,2.7227101,2.7227101,none,true,0,0,0,Stand,8.389993,,,,1,0->0:Exact,NONE
501,8.345808,0.016546,-8949.95,-132.493,83.529526,0,0,0,0,2.7227101,2.7227101,none,true,0,0,0,Stand,8.406539,,,,1,0->0:Exact,NONE
502,8.362354,0.016856,-8949.95,-132.493,83.529526,0,0,0,0,2.7227101,2.7227101,none,true,0,0,0,Stand,8.423395,,,,1,0->0:Exact,NONE
503,8.379210,0.016545,-8949.95,-132.493,83.529526,0,0,0,0,2.7227101,2.7227101,none,true,0,0,0,Stand,8.43994,,,,1,0->0:Exact,NONE
504,8.395756,0.016690,-8949.95,-132.493,83.529526,0,0,0,0,2.7227101,2.7227101,none,true,0,0,0,Stand,8.456631,,,,1,0->0:Exact,NONE
505,8.412446,0.016719,-8949.95,-132.493,83.529526,0,0,0,0,2.7227101,2.7227101,none,true,0,0,0,Stand,8.473351,,,,1,0->0:Exact,NONE
506,8.429165,0.016618,-8949.95,-132.493,83.529526,0,0,0,0,2.7227101,2.7227101,none,true,0,0,0,Stand,8.489969,,,,1,0->0:Exact,NONE
507,8.445784,0.016977,-8949.95,-132.493,83.529526,0,0,0,0,2.7227101,2.7227101,none,true,0,0,0,Stand,8.506947,,,,1,0->0:Exact,NONE
508,8.462761,0.016734,-8949.95,-132.493,83.529526,0,0,0,0,2.7227101,2.7227101,none,true,0,0,0,Stand,8.523681,,,,1,0->0:Exact,NONE
509,8.479495,0.017954,-8949.95,-132.493,83.529526,0,0,0,0,2.7227101,2.7227101,none,true,0,0,0,Stand,8.541635,,,,1,0->0:Exact,NONE
510,8.497449,0.015227,-8949.95,-132.493,83.529526,0,0,0,0,2.7227101,2.7227101,none,true,0,0,0,Stand,8.556861,,,,1,0->0:Exact,NONE
511,8.512675,0.016798,-8949.95,-132.493,83.529526,0,0,0,0,2.7227101,2.7227101,none,true,0,0,0,Stand,8.573659,,,,1,0->0:Exact,NONE
512,8.529473,0.016527,-8949.95,-132.493,83.529526,0,0,0,0,2.7227101,2.7227101,none,true,0,0,0,Stand,8.590185,,,,1,0->0:Exact,NONE
513,8.546000,0.016760,-8949.95,-132.493,83.529526,0,0,0,0,2.7227101,2.7227101,none,true,0,0,0,Stand,8.606945,,,,1,0->0:Exact,NONE
514,8.562760,0.016617,-8949.95,-132.493,83.529526,0,0,0,0,2.7227101,2.7227101,none,true,0,0,0,Stand,8.623562,,,,1,0->0:Exact,NONE
515,8.579376,0.016685,-8949.95,-132.493,83.529526,0,0,0,0,2.7227101,2.7227101,none,true,0,0,0,Stand,8.640246,,,,1,0->0:Exact,NONE
516,8.596061,0.016754,-8949.95,-132.493,83.529526,0,0,0,0,2.7227101,2.7227101,none,true,0,0,0,Stand,8.657001,,,,1,0->0:Exact,NONE
517,8.612815,0.016707,-8949.95,-132.493,83.529526,0,0,0,0,2.7227101,2.7227101,none,true,0,0,0,Stand,8.673708,,,,1,0->0:Exact,NONE
518,8.629522,0.016532,-8949.95,-132.493,83.529526,0,0,0,0,2.7227101,2.7227101,none,true,0,0,0,Stand,8.69024,,,,1,0->0:Exact,NONE
519,8.646055,0.016730,-8949.95,-132.493,83.529526,0,0,0,0,2.7227101,2.7227101,none,true,0,0,0,Stand,8.706969,,,,1,0->0:Exact,NONE
520,8.662784,0.016837,-8949.95,-132.493,83.529526,0,0,0,0,2.7227101,2.7227101,none,true,0,0,0,Stand,8.723806,,,,1,0->0:Exact,NONE
521,8.679621,0.017375,-8949.95,-132.493,83.529526,0,0,0,0,2.7227101,2.7227101,none,true,0,0,0,Stand,8.741181,,,,1,0->0:Exact,NONE
522,8.696997,0.015767,-8949.95,-132.493,83.529526,0,0,0,0,2.7227101,2.7227101,none,true,0,0,0,Stand,8.756948,,,,1,0->0:Exact,NONE
523,8.712764,0.016702,-8949.95,-132.493,83.529526,0,0,0,0,2.7227101,2.7227101,none,true,0,0,0,Stand,8.77365,,,,1,0->0:Exact,NONE
524,8.729465,0.016665,-8949.95,-132.493,83.529526,0,0,0,0,2.7227101,2.7227101,none,true,0,0,0,Stand,8.790316,,,,1,0->0:Exact,NONE
525,8.746131,0.016629,-8949.95,-132.493,83.529526,0,0,0,0,2.7227101,2.7227101,none,true,0,0,0,Stand,8.806944,,,,1,0->0:Exact,NONE
526,8.762759,0.016941,-8949.95,-132.493,83.529526,0,0,0,0,2.7227101,2.7227101,none,true,0,0,0,Stand,8.823885,,,,1,0->0:Exact,NONE
527,8.779700,0.016602,-8949.95,-132.493,83.529526,0,0,0,0,2.7227101,2.7227101,none,true,0,0,0,Stand,8.840487,,,,1,0->0:Exact,NONE
528,8.796302,0.016520,-8949.95,-132.493,83.529526,0,0,0,0,2.7227101,2.7227101,none,true,0,0,0,Stand,8.857006,,,,1,0->0:Exact,NONE
529,8.812822,0.016744,-8949.95,-132.493,83.529526,0,0,0,0,2.7227101,2.7227101,none,true,0,0,0,Stand,8.873751,,,,1,0->0:Exact,NONE
530,8.829566,0.016887,-8949.95,-132.493,83.529526,0,0,0,0,2.7227101,2.7227101,none,true,0,0,0,Stand,8.890637,,,,1,0->0:Exact,NONE
531,8.846453,0.016492,-8949.95,-132.493,83.529526,0,0,0,0,2.7227101,2.7227101,none,true,0,0,0,Stand,8.907129,,,,1,0->0:Exact,NONE
532,8.862945,0.016850,-8949.95,-132.493,83.529526,0,0,0,0,2.7227101,2.7227101,none,true,0,0,0,Stand,8.923979,,,,1,0->0:Exact,NONE
533,8.879795,0.016465,-8949.95,-132.493,83.529526,0,0,0,0,2.7227101,2.7227101,none,true,0,0,0,Stand,8.940444,,,,1,0->0:Exact,NONE
534,8.896260,0.016793,-8949.95,-132.493,83.529526,0,0,0,0,2.7227101,2.7227101,none,true,0,0,0,Stand,8.957237,,,,1,0->0:Exact,NONE
535,8.913053,0.016581,-8949.95,-132.493,83.529526,0,0,0,0,2.7227101,2.7227101,none,true,0,0,0,Stand,8.973819,,,,1,0->0:Exact,NONE
536,8.929634,0.016714,-8949.95,-132.493,83.529526,0,0,0,0,2.7227101,2.7227101,none,true,0,0,0,Stand,8.990533,,,,1,0->0:Exact,NONE
537,8.946348,0.016518,-8949.95,-132.493,83.529526,0,0,0,0,2.7227101,2.7227101,none,true,0,0,0,Stand,9.007051,,,,1,0->0:Exact,NONE
538,8.962866,0.016822,-8949.95,-132.493,83.529526,0,0,0,0,2.7227101,2.7227101,none,true,0,0,0,Stand,9.023873,,,,1,0->0:Exact,NONE
539,8.979689,0.018124,-8949.95,-132.493,83.529526,0,0,0,0,2.7227101,2.7227101,none,true,0,0,0,Stand,9.041998,,,,1,0->0:Exact,NONE
540,8.997813,0.015259,-8949.95,-132.493,83.529526,0,0,0,0,2.7227101,2.7227101,none,true,0,0,0,Stand,9.057258,,,,1,0->0:Exact,NONE
541,9.013072,0.016577,-8949.95,-132.493,83.529526,0,0,0,0,2.7227101,2.7227101,none,true,0,0,0,Stand,9.073835,,,,1,0->0:Exact,NONE
542,9.029649,0.016698,-8949.95,-132.493,83.529526,0,0,0,0,2.7227101,2.7227101,none,true,0,0,0,Stand,9.090533,,,,1,0->0:Exact,NONE
543,9.046348,0.017009,-8949.95,-132.493,83.529526,0,0,0,0,2.7227101,2.7227101,none,true,0,0,0,Stand,9.107542,,,,1,0->0:Exact,NONE
544,9.063356,0.016340,-8949.95,-132.493,83.529526,0,0,0,0,2.7227101,2.7227101,none,true,0,0,0,Stand,9.123882,,,,1,0->0:Exact,NONE
