"expected_animation_id","spell_id","name","rank","cell","actual_stage","requested_animation_id","played_animation_id","resolution","asset_sources","evidence_directory"
"-1","587","Conjure Food","Rank 1","MOVING","SETTLE","54","54","Exact","patch.MPQ:Spells\ConjureItemCast.m2|patch.MPQ:Spells\ConjureItemCast.m2","C:\Users\nico\source\repos\MSUIClient\live-runs\N3-0-3-mage-20260801-195500\moving-000-019-final"
"-1","587","Conjure Food","Rank 1","STANDING","SETTLE","9","9","Exact","patch.MPQ:Spells\ConjureItemCast.m2|patch.MPQ:Spells\ConjureItemCast.m2","C:\Users\nico\source\repos\MSUIClient\live-runs\N3-0-3-mage-20260801-195500\standing-000-019-v2"
"-1","597","Conjure Food","Rank 2","MOVING","SETTLE","54","54","Exact","patch.MPQ:Spells\ConjureItemCast.m2|patch.MPQ:Spells\ConjureItemCast.m2","C:\Users\nico\source\repos\MSUIClient\live-runs\N3-0-3-mage-20260801-195500\moving-000-019-final"
"-1","597","Conjure Food","Rank 2","STANDING","SETTLE","30","30","Exact","patch.MPQ:Spells\ConjureItemCast.m2|patch.MPQ:Spells\ConjureItemCast.m2","C:\Users\nico\source\repos\MSUIClient\live-runs\N3-0-3-mage-20260801-195500\standing-000-019-v2"
"-1","759","Conjure Mana Agate","","MOVING","SETTLE","54","54","Exact","","C:\Users\nico\source\repos\MSUIClient\live-runs\N3-0-3-mage-20260801-195500\moving-000-019-final"
"-1","759","Conjure Mana Agate","","STANDING","SETTLE","9","9","Exact","","C:\Users\nico\source\repos\MSUIClient\live-runs\N3-0-3-mage-20260801-195500\standing-000-019-v2"
"-1","990","Conjure Food","Rank 3","MOVING","SETTLE","54","54","Exact","patch.MPQ:Spells\ConjureItemCast.m2|patch.MPQ:Spells\ConjureItemCast.m2","C:\Users\nico\source\repos\MSUIClient\live-runs\N3-0-3-mage-20260801-195500\moving-000-019-final"
"-1","990","Conjure Food","Rank 3","STANDING","SETTLE","9","9","Exact","patch.MPQ:Spells\ConjureItemCast.m2|patch.MPQ:Spells\ConjureItemCast.m2","C:\Users\nico\source\repos\MSUIClient\live-runs\N3-0-3-mage-20260801-195500\standing-000-019-v2"
"-1","3552","Conjure Mana Jade","","MOVING","SETTLE","54","54","Exact","","C:\Users\nico\source\repos\MSUIClient\live-runs\N3-0-3-mage-20260801-195500\moving-020-039-final"
"-1","3552","Conjure Mana Jade","","STANDING","SETTLE","53","53","Exact","","C:\Users\nico\source\repos\MSUIClient\live-runs\N3-0-3-mage-20260801-195500\standing-020-039-v3"
"-1","5143","Arcane Missiles","Rank 1","MOVING","CAST","-1","-1","Missing","","C:\Users\nico\source\repos\MSUIClient\live-runs\N3-0-3-mage-20260801-195500\moving-040-059-final"
"-1","5143","Arcane Missiles","Rank 1","STANDING","CAST","124","124","Exact","","C:\Users\nico\source\repos\MSUIClient\live-runs\N3-0-3-mage-20260801-195500\standing-040-059-v3"
"-1","5144","Arcane Missiles","Rank 2","MOVING","CAST","-1","-1","Missing","","C:\Users\nico\source\repos\MSUIClient\live-runs\N3-0-3-mage-20260801-195500\moving-040-059-final"
"-1","5144","Arcane Missiles","Rank 2","STANDING","CAST","124","124","Exact","","C:\Users\nico\source\repos\MSUIClient\live-runs\N3-0-3-mage-20260801-195500\standing-040-059-v3"
"-1","5145","Arcane Missiles","Rank 3","MOVING","CAST","-1","-1","Missing","","C:\Users\nico\source\repos\MSUIClient\live-runs\N3-0-3-mage-20260801-195500\moving-040-059-final"
"-1","5145","Arcane Missiles","Rank 3","STANDING","CAST","124","124","Exact","","C:\Users\nico\source\repos\MSUIClient\live-runs\N3-0-3-mage-20260801-195500\standing-040-059-v3"
"-1","5504","Conjure Water","Rank 1","MOVING","SETTLE","-1","-1","Missing","","C:\Users\nico\source\repos\MSUIClient\live-runs\N3-0-3-mage-20260801-195500\moving-040-059-final"
"-1","5504","Conjure Water","Rank 1","STANDING","SETTLE","124","124","Exact","","C:\Users\nico\source\repos\MSUIClient\live-runs\N3-0-3-mage-20260801-195500\standing-040-059-v3"
"-1","5505","Conjure Water","Rank 2","MOVING","SETTLE","-1","-1","Missing","","C:\Users\nico\source\repos\MSUIClient\live-runs\N3-0-3-mage-20260801-195500\moving-040-059-final"
"-1","5505","Conjure Water","Rank 2","STANDING","SETTLE","124","124","Exact","","C:\Users\nico\source\repos\MSUIClient\live-runs\N3-0-3-mage-20260801-195500\standing-040-059-v3"
"-1","5506","Conjure Water","Rank 3","MOVING","SETTLE","-1","-1","Missing","","C:\Users\nico\source\repos\MSUIClient\live-runs\N3-0-3-mage-20260801-195500\moving-040-059-final"
"-1","5506","Conjure Water","Rank 3","STANDING","SETTLE","124","124","Exact","","C:\Users\nico\source\repos\MSUIClient\live-runs\N3-0-3-mage-20260801-195500\standing-040-059-v3"
"-1","6127","Conjure Water","Rank 4","MOVING","SETTLE","54","54","BakedOnDemand","","C:\Users\nico\source\repos\MSUIClient\live-runs\N3-0-3-mage-20260801-195500\moving-040-059-final"
"-1","6127","Conjure Water","Rank 4","STANDING","SETTLE","54","54","Exact","","C:\Users\nico\source\repos\MSUIClient\live-runs\N3-0-3-mage-20260801-195500\standing-040-059-v3"
"-1","6129","Conjure Food","Rank 4","MOVING","SETTLE","54","54","BakedOnDemand","patch.MPQ:Spells\ConjureItemCast.m2|patch.MPQ:Spells\ConjureItemCast.m2","C:\Users\nico\source\repos\MSUIClient\live-runs\N3-0-3-mage-20260801-195500\moving-040-059-final"
"-1","6129","Conjure Food","Rank 4","STANDING","SETTLE","54","54","Exact","patch.MPQ:Spells\ConjureItemCast.m2|patch.MPQ:Spells\ConjureItemCast.m2","C:\Users\nico\source\repos\MSUIClient\live-runs\N3-0-3-mage-20260801-195500\standing-040-059-v3"
"-1","6478","Opening","","MOVING","SETTLE","54","54","Exact","","C:\Users\nico\source\repos\MSUIClient\live-runs\N3-0-3-mage-20260801-195500\moving-040-059-final"
"-1","6478","Opening","","STANDING","SETTLE","54","54","Exact","","C:\Users\nico\source\repos\MSUIClient\live-runs\N3-0-3-mage-20260801-195500\standing-040-059-v3"
"-1","7267","Grovel","","MOVING","CAST","-1","-1","Missing","","C:\Users\nico\source\repos\MSUIClient\live-runs\N3-0-3-mage-20260801-195500\moving-060-079-final"
"-1","7267","Grovel","","STANDING","CAST","-1","-1","Missing","","C:\Users\nico\source\repos\MSUIClient\live-runs\N3-0-3-mage-20260801-195500\standing-060-079-v2"
"-1","8386","Attacking","","MOVING","SETTLE","54","54","Exact","","C:\Users\nico\source\repos\MSUIClient\live-runs\N3-0-3-mage-20260801-195500\moving-060-079-final"
"-1","8386","Attacking","","STANDING","SETTLE","129","129","BakedOnDemand","","C:\Users\nico\source\repos\MSUIClient\live-runs\N3-0-3-mage-20260801-195500\standing-060-079-v2"
"-1","8416","Arcane Missiles","Rank 4","MOVING","CAST","53","53","BakedOnDemand","","C:\Users\nico\source\repos\MSUIClient\live-runs\N3-0-3-mage-20260801-195500\moving-060-079-final"
"-1","8416","Arcane Missiles","Rank 4","STANDING","CAST","124","124","Exact","","C:\Users\nico\source\repos\MSUIClient\live-runs\N3-0-3-mage-20260801-195500\standing-060-079-v2"
"-1","8417","Arcane Missiles","Rank 5","MOVING","CAST","53","53","BakedOnDemand","","C:\Users\nico\source\repos\MSUIClient\live-runs\N3-0-3-mage-20260801-195500\moving-060-079-final"
"-1","8417","Arcane Missiles","Rank 5","STANDING","CAST","124","124","Exact","","C:\Users\nico\source\repos\MSUIClient\live-runs\N3-0-3-mage-20260801-195500\standing-060-079-v2"
"-1","10053","Conjure Mana Citrine","","MOVING","SETTLE","54","54","Exact","","C:\Users\nico\source\repos\MSUIClient\live-runs\N3-0-3-mage-20260801-195500\moving-080-099-final"
"-1","10053","Conjure Mana Citrine","","STANDING","SETTLE","54","54","Exact","","C:\Users\nico\source\repos\MSUIClient\live-runs\N3-0-3-mage-20260801-195500\standing-080-099-v2"
"-1","10054","Conjure Mana Ruby","","MOVING","SETTLE","-1","-1","Missing","","C:\Users\nico\source\repos\MSUIClient\live-runs\N3-0-3-mage-20260801-195500\moving-100-119-final"
"-1","10054","Conjure Mana Ruby","","STANDING","SETTLE","9","9","Exact","","C:\Users\nico\source\repos\MSUIClient\live-runs\N3-0-3-mage-20260801-195500\standing-100-119-v3"
"-1","10138","Conjure Water","Rank 5","MOVING","SETTLE","-1","-1","Missing","","C:\Users\nico\source\repos\MSUIClient\live-runs\N3-0-3-mage-20260801-195500\moving-100-119-final"
"-1","10138","Conjure Water","Rank 5","STANDING","SETTLE","124","124","BakedOnDemand","","C:\Users\nico\source\repos\MSUIClient\live-runs\N3-0-3-mage-20260801-195500\standing-100-119-v3"
"-1","10139","Conjure Water","Rank 6","MOVING","SETTLE","-1","-1","Missing","","C:\Users\nico\source\repos\MSUIClient\live-runs\N3-0-3-mage-20260801-195500\moving-103-retry"
"-1","10139","Conjure Water","Rank 6","STANDING","SETTLE","124","124","BakedOnDemand","","C:\Users\nico\source\repos\MSUIClient\live-runs\N3-0-3-mage-20260801-195500\standing-100-119-v3"
"-1","10140","Conjure Water","Rank 7","MOVING","SETTLE","-1","-1","Missing","","C:\Users\nico\source\repos\MSUIClient\live-runs\N3-0-3-mage-20260801-195500\moving-100-119-final"
"-1","10140","Conjure Water","Rank 7","STANDING","SETTLE","124","124","BakedOnDemand","","C:\Users\nico\source\repos\MSUIClient\live-runs\N3-0-3-mage-20260801-195500\standing-100-119-v3"
"-1","10144","Conjure Food","Rank 5","MOVING","SETTLE","-1","-1","Missing","patch.MPQ:Spells\ConjureItemCast.m2|patch.MPQ:Spells\ConjureItemCast.m2","C:\Users\nico\source\repos\MSUIClient\live-runs\N3-0-3-mage-20260801-195500\moving-100-119-final"
"-1","10144","Conjure Food","Rank 5","STANDING","SETTLE","124","124","BakedOnDemand","patch.MPQ:Spells\ConjureItemCast.m2|patch.MPQ:Spells\ConjureItemCast.m2","C:\Users\nico\source\repos\MSUIClient\live-runs\N3-0-3-mage-20260801-195500\standing-100-119-v3"
"-1","10145","Conjure Food","Rank 6","MOVING","SETTLE","-1","-1","Missing","patch.MPQ:Spells\ConjureItemCast.m2|patch.MPQ:Spells\ConjureItemCast.m2","C:\Users\nico\source\repos\MSUIClient\live-runs\N3-0-3-mage-20260801-195500\moving-100-119-final"
"-1","10145","Conjure Food","Rank 6","STANDING","SETTLE","124","124","BakedOnDemand","patch.MPQ:Spells\ConjureItemCast.m2|patch.MPQ:Spells\ConjureItemCast.m2","C:\Users\nico\source\repos\MSUIClient\live-runs\N3-0-3-mage-20260801-195500\standing-100-119-v3"
"-1","10211","Arcane Missiles","Rank 6","MOVING","CAST","54","54","Exact","","C:\Users\nico\source\repos\MSUIClient\live-runs\N3-0-3-mage-20260801-195500\moving-120-139-final"
"-1","10211","Arcane Missiles","Rank 6","STANDING","PRECAST","51","51","Exact","","C:\Users\nico\source\repos\MSUIClient\live-runs\N3-0-3-mage-20260801-195500\standing-120-139-v2"
"-1","10212","Arcane Missiles","Rank 7","MOVING","CAST","54","54","Exact","","C:\Users\nico\source\repos\MSUIClient\live-runs\N3-0-3-mage-20260801-195500\moving-120-139-final"
"-1","10212","Arcane Missiles","Rank 7","STANDING","CAST","124","124","Exact","","C:\Users\nico\source\repos\MSUIClient\live-runs\N3-0-3-mage-20260801-195500\standing-120-139-v2"
"-1","12051","Evocation","","MOVING","CAST","54","54","Exact","","C:\Users\nico\source\repos\MSUIClient\live-runs\N3-0-3-mage-20260801-195500\moving-140-159-final"
"-1","12051","Evocation","","STANDING","CAST","124","124","BakedOnDemand","","C:\Users\nico\source\repos\MSUIClient\live-runs\N3-0-3-mage-20260801-195500\standing-140-159-v3"
"-1","12484","Chilled","Rank 1","MOVING","CAST","54","54","Exact","","C:\Users\nico\source\repos\MSUIClient\live-runs\N3-0-3-mage-20260801-195500\moving-140-159-final"
"-1","12484","Chilled","Rank 1","STANDING","CAST","124","124","BakedOnDemand","","C:\Users\nico\source\repos\MSUIClient\live-runs\N3-0-3-mage-20260801-195500\standing-140-159-v3"
"-1","12485","Chilled","Rank 2","MOVING","CAST","54","54","Exact","","C:\Users\nico\source\repos\MSUIClient\live-runs\N3-0-3-mage-20260801-195500\moving-140-159-final"
"-1","12485","Chilled","Rank 2","STANDING","CAST","124","124","BakedOnDemand","","C:\Users\nico\source\repos\MSUIClient\live-runs\N3-0-3-mage-20260801-195500\standing-140-159-v3"
"-1","12486","Chilled","Rank 3","MOVING","CAST","54","54","Exact","","C:\Users\nico\source\repos\MSUIClient\live-runs\N3-0-3-mage-20260801-195500\moving-140-159-final"
"-1","12486","Chilled","Rank 3","STANDING","CAST","124","124","BakedOnDemand","","C:\Users\nico\source\repos\MSUIClient\live-runs\N3-0-3-mage-20260801-195500\standing-140-159-v3"
"-1","12536","Clearcasting","","MOVING","CAST","54","54","Exact","","C:\Users\nico\source\repos\MSUIClient\live-runs\N3-0-3-mage-20260801-195500\moving-140-159-final"
"-1","12536","Clearcasting","","STANDING","CAST","124","124","BakedOnDemand","","C:\Users\nico\source\repos\MSUIClient\live-runs\N3-0-3-mage-20260801-195500\standing-140-159-v3"
"-1","12654","Ignite","","MOVING","CAST","54","54","Exact","","C:\Users\nico\source\repos\MSUIClient\live-runs\N3-0-3-mage-20260801-195500\moving-140-159-final"
"-1","12654","Ignite","","STANDING","CAST","124","124","BakedOnDemand","","C:\Users\nico\source\repos\MSUIClient\live-runs\N3-0-3-mage-20260801-195500\standing-140-159-v3"
"-1","20600","Perception","Racial","MOVING","CAST","54","54","Exact","patch.MPQ:spells\presenceofmind_cast_base.m2","C:\Users\nico\source\repos\MSUIClient\live-runs\N3-0-3-mage-20260801-195500\moving-140-159-final"
"-1","20600","Perception","Racial","STANDING","CAST","124","124","BakedOnDemand","patch.MPQ:spells\presenceofmind_cast_base.m2","C:\Users\nico\source\repos\MSUIClient\live-runs\N3-0-3-mage-20260801-195500\standing-140-159-v3"
"-1","21651","Opening","","MOVING","SETTLE","54","54","Exact","","C:\Users\nico\source\repos\MSUIClient\live-runs\N3-0-3-mage-20260801-195500\moving-140-159-final"
"-1","21651","Opening","","STANDING","SETTLE","124","124","BakedOnDemand","","C:\Users\nico\source\repos\MSUIClient\live-runs\N3-0-3-mage-20260801-195500\standing-140-159-v3"
"-1","21652","Closing","","MOVING","SETTLE","54","54","Exact","","C:\Users\nico\source\repos\MSUIClient\live-runs\N3-0-3-mage-20260801-195500\moving-140-159-final"
"-1","21652","Closing","","STANDING","SETTLE","124","124","BakedOnDemand","","C:\Users\nico\source\repos\MSUIClient\live-runs\N3-0-3-mage-20260801-195500\standing-140-159-v3"
"-1","22810","Opening - No Text","","MOVING","SETTLE","54","54","Exact","","C:\Users\nico\source\repos\MSUIClient\live-runs\N3-0-3-mage-20260801-195500\moving-160-173-final"
"-1","22810","Opening - No Text","","STANDING","SETTLE","54","54","Exact","","C:\Users\nico\source\repos\MSUIClient\live-runs\N3-0-3-mage-20260801-195500\standing-160-173-v2"
"-1","25345","Arcane Missiles","Rank 8","MOVING","SETTLE","53","53","BakedOnDemand","","C:\Users\nico\source\repos\MSUIClient\live-runs\N3-0-3-mage-20260801-195500\moving-160-173-final"
"-1","25345","Arcane Missiles","Rank 8","STANDING","CAST","124","124","Exact","","C:\Users\nico\source\repos\MSUIClient\live-runs\N3-0-3-mage-20260801-195500\standing-160-173-v2"
"-1","28612","Conjure Food","Rank 7","MOVING","SETTLE","54","54","Exact","patch.MPQ:Spells\ConjureItemCast.m2|patch.MPQ:Spells\ConjureItemCast.m2","C:\Users\nico\source\repos\MSUIClient\live-runs\N3-0-3-mage-20260801-195500\moving-160-173-final"
"-1","28612","Conjure Food","Rank 7","STANDING","SETTLE","54","54","Exact","patch.MPQ:Spells\ConjureItemCast.m2|patch.MPQ:Spells\ConjureItemCast.m2","C:\Users\nico\source\repos\MSUIClient\live-runs\N3-0-3-mage-20260801-195500\standing-160-173-v2"
"53","118","Polymorph","Rank 1","MOVING","SETTLE","-1","-1","Missing","patch.MPQ:Spells\Magic_Cast_Hand.m2|patch.MPQ:Spells\Magic_Cast_Hand.m2","C:\Users\nico\source\repos\MSUIClient\live-runs\N3-0-3-mage-20260801-195500\moving-000-019-final"
"53","118","Polymorph","Rank 1","STANDING","SETTLE","53","53","BakedOnDemand","patch.MPQ:Spells\Magic_Cast_Hand.m2|patch.MPQ:Spells\Magic_Cast_Hand.m2","C:\Users\nico\source\repos\MSUIClient\live-runs\N3-0-3-mage-20260801-195500\standing-000-019-v2"
"53","8413","Fire Blast","Rank 5","MOVING","SETTLE","53","53","BakedOnDemand","patch.MPQ:Spells\Fire_Cast_Hand.m2|patch.MPQ:Spells\Fire_Cast_Hand.m2","C:\Users\nico\source\repos\MSUIClient\live-runs\N3-0-3-mage-20260801-195500\moving-060-079-final"
"53","10199","Fire Blast","Rank 7","MOVING","SETTLE","53","53","BakedOnDemand","patch.MPQ:Spells\Fire_Cast_Hand.m2|patch.MPQ:Spells\Fire_Cast_Hand.m2","C:\Users\nico\source\repos\MSUIClient\live-runs\N3-0-3-mage-20260801-195500\moving-120-139-final"
"53","28271","Polymorph: Turtle","","MOVING","SETTLE","53","53","BakedOnDemand","patch.MPQ:Spells\Magic_Cast_Hand.m2|patch.MPQ:Spells\Magic_Cast_Hand.m2","C:\Users\nico\source\repos\MSUIClient\live-runs\N3-0-3-mage-20260801-195500\moving-160-173-final"
"53","28272","Polymorph: Pig","","MOVING","SETTLE","53","53","BakedOnDemand","patch.MPQ:Spells\Magic_Cast_Hand.m2|patch.MPQ:Spells\Magic_Cast_Hand.m2","C:\Users\nico\source\repos\MSUIClient\live-runs\N3-0-3-mage-20260801-195500\moving-160-173-final"
"54","475","Remove Lesser Curse","","MOVING","SETTLE","54","54","Exact","patch.MPQ:Spells\Magic_Cast_Hand.m2|patch.MPQ:Spells\Magic_Cast_Hand.m2","C:\Users\nico\source\repos\MSUIClient\live-runs\N3-0-3-mage-20260801-195500\moving-000-019-final"
"54","1459","Arcane Intellect","Rank 1","MOVING","SETTLE","54","54","Exact","patch.MPQ:Spells\Magic_Cast_Hand.m2|patch.MPQ:Spells\Magic_Cast_Hand.m2","C:\Users\nico\source\repos\MSUIClient\live-runs\N3-0-3-mage-20260801-195500\moving-020-039-final"
"54","1460","Arcane Intellect","Rank 2","MOVING","SETTLE","54","54","Exact","patch.MPQ:Spells\Magic_Cast_Hand.m2|patch.MPQ:Spells\Magic_Cast_Hand.m2","C:\Users\nico\source\repos\MSUIClient\live-runs\N3-0-3-mage-20260801-195500\moving-020-039-final"
"54","1461","Arcane Intellect","Rank 3","MOVING","SETTLE","54","54","Exact","patch.MPQ:Spells\Magic_Cast_Hand.m2|patch.MPQ:Spells\Magic_Cast_Hand.m2","C:\Users\nico\source\repos\MSUIClient\live-runs\N3-0-3-mage-20260801-195500\moving-020-039-final"
"54","2120","Flamestrike","Rank 1","MOVING","SETTLE","54","54","Exact","patch.MPQ:Spells\Fire_Cast_Hand.m2|patch.MPQ:Spells\Fire_Cast_Hand.m2","C:\Users\nico\source\repos\MSUIClient\live-runs\N3-0-3-mage-20260801-195500\moving-020-039-final"
"54","2120","Flamestrike","Rank 1","STANDING","SETTLE","54","54","Exact","patch.MPQ:Spells\Fire_Cast_Hand.m2|patch.MPQ:Spells\Fire_Cast_Hand.m2","C:\Users\nico\source\repos\MSUIClient\live-runs\N3-0-3-mage-20260801-195500\standing-020-039-v3"
"54","2121","Flamestrike","Rank 2","MOVING","SETTLE","54","54","Exact","patch.MPQ:Spells\Fire_Cast_Hand.m2|patch.MPQ:Spells\Fire_Cast_Hand.m2","C:\Users\nico\source\repos\MSUIClient\live-runs\N3-0-3-mage-20260801-195500\moving-020-039-final"
"54","2121","Flamestrike","Rank 2","STANDING","SETTLE","54","54","Exact","patch.MPQ:Spells\Fire_Cast_Hand.m2|patch.MPQ:Spells\Fire_Cast_Hand.m2","C:\Users\nico\source\repos\MSUIClient\live-runs\N3-0-3-mage-20260801-195500\standing-020-039-v3"
"54","8422","Flamestrike","Rank 3","MOVING","SETTLE","-1","-1","Missing","patch.MPQ:Spells\Fire_Cast_Hand.m2|patch.MPQ:Spells\Fire_Cast_Hand.m2","C:\Users\nico\source\repos\MSUIClient\live-runs\N3-0-3-mage-20260801-195500\moving-080-099-final"
"54","8422","Flamestrike","Rank 3","STANDING","SETTLE","-1","-1","Missing","patch.MPQ:Spells\Fire_Cast_Hand.m2|patch.MPQ:Spells\Fire_Cast_Hand.m2","C:\Users\nico\source\repos\MSUIClient\live-runs\N3-0-3-mage-20260801-195500\standing-080-099-v2"
"54","8423","Flamestrike","Rank 4","MOVING","SETTLE","-1","-1","Missing","patch.MPQ:Spells\Fire_Cast_Hand.m2|patch.MPQ:Spells\Fire_Cast_Hand.m2","C:\Users\nico\source\repos\MSUIClient\live-runs\N3-0-3-mage-20260801-195500\moving-080-099-final"
"54","8423","Flamestrike","Rank 4","STANDING","SETTLE","-1","-1","Missing","patch.MPQ:Spells\Fire_Cast_Hand.m2|patch.MPQ:Spells\Fire_Cast_Hand.m2","C:\Users\nico\source\repos\MSUIClient\live-runs\N3-0-3-mage-20260801-195500\standing-080-099-v2"
"54","10157","Arcane Intellect","Rank 5","MOVING","SETTLE","54","54","BakedOnDemand","patch.MPQ:Spells\Magic_Cast_Hand.m2|patch.MPQ:Spells\Magic_Cast_Hand.m2","C:\Users\nico\source\repos\MSUIClient\live-runs\N3-0-3-mage-20260801-195500\moving-100-119-final"
"54","10157","Arcane Intellect","Rank 5","STANDING","SETTLE","54","54","BakedOnDemand","patch.MPQ:Spells\Magic_Cast_Hand.m2|patch.MPQ:Spells\Magic_Cast_Hand.m2","C:\Users\nico\source\repos\MSUIClient\live-runs\N3-0-3-mage-20260801-195500\standing-100-119-v3"
"54","10215","Flamestrike","Rank 5","MOVING","SETTLE","54","54","Exact","patch.MPQ:Spells\Fire_Cast_Hand.m2|patch.MPQ:Spells\Fire_Cast_Hand.m2","C:\Users\nico\source\repos\MSUIClient\live-runs\N3-0-3-mage-20260801-195500\moving-120-139-final"
"54","10216","Flamestrike","Rank 6","MOVING","SETTLE","-1","-1","Missing","patch.MPQ:Spells\Fire_Cast_Hand.m2|patch.MPQ:Spells\Fire_Cast_Hand.m2","C:\Users\nico\source\repos\MSUIClient\live-runs\N3-0-3-mage-20260801-195500\moving-140-159-final"
"54","10216","Flamestrike","Rank 6","STANDING","SETTLE","-1","-1","Missing","patch.MPQ:Spells\Fire_Cast_Hand.m2|patch.MPQ:Spells\Fire_Cast_Hand.m2","C:\Users\nico\source\repos\MSUIClient\live-runs\N3-0-3-mage-20260801-195500\standing-140-159-v3"
"54","23028","Arcane Brilliance","Rank 1","MOVING","SETTLE","54","54","Exact","patch.MPQ:Spells\Magic_Cast_Hand.m2|patch.MPQ:Spells\Magic_Cast_Hand.m2","C:\Users\nico\source\repos\MSUIClient\live-runs\N3-0-3-mage-20260801-195500\moving-160-173-final"
"54","23028","Arcane Brilliance","Rank 1","STANDING","SETTLE","54","54","Exact","patch.MPQ:Spells\Magic_Cast_Hand.m2|patch.MPQ:Spells\Magic_Cast_Hand.m2","C:\Users\nico\source\repos\MSUIClient\live-runs\N3-0-3-mage-20260801-195500\standing-160-173-v2"
"124","11419","Portal: Darnassus","","STANDING","SETTLE","124","124","BakedOnDemand","patch.MPQ:Spells\RitualSummoning_PreCast_Base.m2|patch.MPQ:Spells\Shadow_Precast_Low_Hand.m2|patch.MPQ:Spells\Shadow_Precast_Low_Hand.m2","C:\Users\nico\source\repos\MSUIClient\live-runs\N3-0-3-mage-20260801-195500\standing-140-159-v3"
"125","10","Blizzard","Rank 1","MOVING","SETTLE","-1","-1","Missing","patch.MPQ:Spells\Ice_Precast_Med_Hand.m2|patch.MPQ:Spells\Ice_Precast_Med_Hand.m2","C:\Users\nico\source\repos\MSUIClient\live-runs\N3-0-3-mage-20260801-195500\moving-000-019-final"
"125","10","Blizzard","Rank 1","STANDING","SETTLE","-1","-1","Missing","patch.MPQ:Spells\Ice_Precast_Med_Hand.m2|patch.MPQ:Spells\Ice_Precast_Med_Hand.m2","C:\Users\nico\source\repos\MSUIClient\live-runs\N3-0-3-mage-20260801-195500\standing-000-019-v2"
"125","8427","Blizzard","Rank 3","MOVING","SETTLE","-1","-1","Missing","patch.MPQ:Spells\Ice_Precast_Med_Hand.m2|patch.MPQ:Spells\Ice_Precast_Med_Hand.m2","C:\Users\nico\source\repos\MSUIClient\live-runs\N3-0-3-mage-20260801-195500\moving-080-099-final"
"125","8427","Blizzard","Rank 3","STANDING","SETTLE","-1","-1","Missing","patch.MPQ:Spells\Ice_Precast_Med_Hand.m2|patch.MPQ:Spells\Ice_Precast_Med_Hand.m2","C:\Users\nico\source\repos\MSUIClient\live-runs\N3-0-3-mage-20260801-195500\standing-080-099-v2"
