# S1 2026-07-31: continuum laws were wrong for symplectic-Euler samples; current-tree bands are unchanged. @ values resolve from regressed trace constants.
name,currentMin,currentMax,lawMin,lawMax,citation
jumpApexHeight,1.57,1.58,@predictedApex-0.03,@predictedApex+0.03,symplectic z[n]=z[n-1]+(v0-n*g*dt)*dt +/-0.03
jumpApexTime,0.38,0.39,@predictedApexTime-0.017,@predictedApexTime+0.017,symplectic max sample relative to first airborne row +/-one tick
jumpAirtime,0.79,0.81,@predictedAirtime-0.034,@predictedAirtime+0.034,symplectic first return sample +/-0.034
gravity,,,19.2901,19.2921,airborne velZ slope; benilla state.rs g=19.2911 +/-0.001
jumpVelocity,,,7.9548,7.9568,first airborne velZ + g*dt; benilla state.rs v0=7.9558 +/-0.001
stallWindows,0,0,0,0,no stalls
hardCuts,4,4,0,0,every legacy transition entering below blend window without observable clipB
substitutedEvents,0,0,0,0,no substitutions
