frame,t,dt,posX,posY,posZ,velX,velY,velZ,horizSpeed,aimYaw,bodyYaw,inputFlags,grounded,verticalVel,fallTimeMs,clipId,clipName,clipTime,playbackRate,lastAnimChoice,wireSentThisTick
0,0.000000,0.016667,-8949.95,-132.493,83.529526,0,0,0,0,0.052360058,-1.5184364,turnL,true,0,0,11,ShuffleLeft,0.016666668,1,11->11:Exact,NONE
1,0.016667,0.016667,-8949.95,-132.493,83.529526,0,0,0,0,0.104720116,-1.4660764,turnL,true,0,0,11,ShuffleLeft,0.033333335,1,11->11:Exact,NONE
2,0.033333,0.016667,-8949.95,-132.493,83.529526,0,0,0,0,0.15708017,-1.4137163,turnL,true,0,0,11,ShuffleLeft,0.050000004,1,11->11:Exact,NONE
3,0.050000,0.016667,-8949.95,-132.493,83.529526,0,0,0,0,0.20944023,-1.3613563,turnL,true,0,0,11,ShuffleLeft,0.06666667,1,11->11:Exact,NONE
4,0.066667,0.016667,-8949.95,-132.493,83.529526,0,0,0,0,0.2618003,-1.3089962,turnL,true,0,0,11,ShuffleLeft,0.083333336,1,11->11:Exact,NONE
5,0.083333,0.016667,-8949.95,-132.493,83.529526,0,0,0,0,0.31416035,-1.2566361,turnL,true,0,0,11,ShuffleLeft,0.1,1,11->11:Exact,NONE
6,0.100000,0.016667,-8949.95,-132.493,83.529526,0,0,0,0,0.3665204,-1.2042761,turnL,true,0,0,11,ShuffleLeft,0.11666667,1,11->11:Exact,NONE
7,0.116667,0.016667,-8949.95,-132.493,83.529526,0,0,0,0,0.41888046,-1.151916,turnL,true,0,0,11,ShuffleLeft,0.13333334,1,11->11:Exact,NONE
8,0.133333,0.016667,-8949.95,-132.493,83.529526,0,0,0,0,0.47124052,-1.099556,turnL,true,0,0,11,ShuffleLeft,0.15,1,11->11:Exact,NONE
9,0.150000,0.016667,-8949.95,-132.493,83.529526,0,0,0,0,0.5236006,-1.0471959,turnL,true,0,0,11,ShuffleLeft,0.16666667,1,11->11:Exact,NONE
10,0.166667,0.016667,-8949.95,-132.493,83.529526,0,0,0,0,0.57596064,-0.99483585,turnL,true,0,0,11,ShuffleLeft,0.18333334,1,11->11:Exact,NONE
11,0.183333,0.016667,-8949.95,-132.493,83.529526,0,0,0,0,0.6283207,-0.9424758,turnL,true,0,0,11,ShuffleLeft,0.2,1,11->11:Exact,NONE
12,0.200000,0.016667,-8949.95,-132.493,83.529526,0,0,0,0,0.68068075,-0.89011574,turnL,true,0,0,11,ShuffleLeft,0.21666667,1,11->11:Exact,NONE
13,0.216667,0.016667,-8949.95,-132.493,83.529526,0,0,0,0,0.7330408,-0.8377557,turnL,true,0,0,11,ShuffleLeft,0.23333333,1,11->11:Exact,NONE
14,0.233333,0.016667,-8949.95,-132.493,83.529526,0,0,0,0,0.78540087,-0.7853956,turnL,true,0,0,11,ShuffleLeft,0.25,1,11->11:Exact,NONE
15,0.250000,0.016667,-8949.95,-132.493,83.529526,0,0,0,0,0.8377609,-0.73303556,turnL,true,0,0,11,ShuffleLeft,0.26666668,1,11->11:Exact,NONE
16,0.266667,0.016667,-8949.95,-132.493,83.529526,0,0,0,0,0.890121,-0.6806755,turnL,true,0,0,11,ShuffleLeft,0.28333336,1,11->11:Exact,NONE
17,0.283333,0.016667,-8949.95,-132.493,83.529526,0,0,0,0,0.94248104,-0.62831545,turnL,true,0,0,11,ShuffleLeft,0.30000004,1,11->11:Exact,NONE
18,0.300000,0.016667,-8949.95,-132.493,83.529526,0,0,0,0,0.9948411,-0.5759554,turnL,true,0,0,11,ShuffleLeft,0.31666672,1,11->11:Exact,NONE
19,0.316667,0.016667,-8949.95,-132.493,83.529526,0,0,0,0,1.0472012,-0.52359533,turnL,true,0,0,11,ShuffleLeft,0.3333334,1,11->11:Exact,NONE
20,0.333333,0.016667,-8949.95,-132.493,83.529526,0,0,0,0,1.0995612,-0.47123528,turnL,true,0,0,11,ShuffleLeft,0.35000008,1,11->11:Exact,NONE
21,0.350000,0.016667,-8949.95,-132.493,83.529526,0,0,0,0,1.1519213,-0.41887522,turnL,true,0,0,11,ShuffleLeft,0.36666676,1,11->11:Exact,NONE
22,0.366667,0.016667,-8949.95,-132.493,83.529526,0,0,0,0,1.2042813,-0.36651516,turnL,true,0,0,11,ShuffleLeft,0.38333344,1,11->11:Exact,NONE
23,0.383333,0.016667,-8949.95,-132.493,83.529526,0,0,0,0,1.2566414,-0.3141551,turnL,true,0,0,11,ShuffleLeft,0.40000013,1,11->11:Exact,NONE
24,0.400000,0.016667,-8949.95,-132.493,83.529526,0,0,0,0,1.3090014,-0.26179504,turnL,true,0,0,11,ShuffleLeft,0.4166668,1,11->11:Exact,NONE
25,0.416667,0.016667,-8949.95,-132.493,83.529526,0,0,0,0,1.3613615,-0.20943499,turnL,true,0,0,11,ShuffleLeft,0.4333335,1,11->11:Exact,NONE
26,0.433333,0.016667,-8949.95,-132.493,83.529526,0,0,0,0,1.4137216,-0.15707493,turnL,true,0,0,11,ShuffleLeft,0.45000017,1,11->11:Exact,NONE
27,0.450000,0.016667,-8949.95,-132.493,83.529526,0,0,0,0,1.4660816,-0.10471487,turnL,true,0,0,11,ShuffleLeft,0.46666685,1,11->11:Exact,NONE
28,0.466667,0.016667,-8949.95,-132.493,83.529526,0,0,0,0,1.5184417,-0.052354813,turnL,true,0,0,11,ShuffleLeft,0.48333353,1,11->11:Exact,NONE
29,0.483333,0.016667,-8949.95,-132.493,83.529526,0,0,0,0,1.5708017,5.2452087E-06,turnL,true,0,0,11,ShuffleLeft,0.5000002,1,11->11:Exact,NONE
30,0.500000,0.016667,-8949.95,-132.493,83.529526,0,0,0,0,1.6231618,0.052365303,turnL,true,0,0,11,ShuffleLeft,0.5166668,1,11->11:Exact,NONE
31,0.516667,0.016667,-8949.95,-132.493,83.529526,0,0,0,0,1.6755219,0.10472536,turnL,true,0,0,11,ShuffleLeft,0.5333335,1,11->11:Exact,NONE
32,0.533333,0.016667,-8949.95,-132.493,83.529526,0,0,0,0,1.7278819,0.15708542,turnL,true,0,0,11,ShuffleLeft,0.55000013,1,11->11:Exact,NONE
33,0.550000,0.016667,-8949.95,-132.493,83.529526,0,0,0,0,1.7802415,0.209445,turnL,true,0,0,11,ShuffleLeft,0.5666668,1,11->11:Exact,NONE
34,0.566667,0.016667,-8949.95,-132.493,83.529526,0,0,0,0,1.8326011,0.26180458,turnL,true,0,0,11,ShuffleLeft,0.58333343,1,11->11:Exact,NONE
35,0.583333,0.016667,-8949.95,-132.493,83.529526,0,0,0,0,1.8849607,0.31416416,turnL,true,0,0,11,ShuffleLeft,0.6000001,1,11->11:Exact,NONE
36,0.600000,0.016667,-8949.95,-132.493,83.529526,0,0,0,0,1.9373202,0.36652374,turnL,true,0,0,11,ShuffleLeft,0.61666673,1,11->11:Exact,NONE
37,0.616667,0.016667,-8949.95,-132.493,83.529526,0,0,0,0,1.9896798,0.41888332,turnL,true,0,0,11,ShuffleLeft,0.6333334,1,11->11:Exact,NONE
38,0.633333,0.016667,-8949.95,-132.493,83.529526,0,0,0,0,2.0420394,0.4712429,turnL,true,0,0,11,ShuffleLeft,0.65000004,1,11->11:Exact,NONE
39,0.650000,0.016667,-8949.95,-132.493,83.529526,0,0,0,0,2.094399,0.5236025,turnL,true,0,0,11,ShuffleLeft,0.6666667,1,11->11:Exact,NONE
40,0.666667,0.016667,-8949.95,-132.493,83.529526,0,0,0,0,2.1467586,0.57596207,turnL,true,0,0,11,ShuffleLeft,0.68333334,1,11->11:Exact,NONE
41,0.683333,0.016667,-8949.95,-132.493,83.529526,0,0,0,0,2.1991181,0.62832165,turnL,true,0,0,11,ShuffleLeft,0.7,1,11->11:Exact,NONE
42,0.700000,0.016667,-8949.95,-132.493,83.529526,0,0,0,0,2.2514777,0.6806812,turnL,true,0,0,11,ShuffleLeft,0.71666664,1,11->11:Exact,NONE
43,0.716667,0.016667,-8949.95,-132.493,83.529526,0,0,0,0,2.3038373,0.7330408,turnL,true,0,0,11,ShuffleLeft,0.7333333,1,11->11:Exact,NONE
44,0.733333,0.016667,-8949.95,-132.493,83.529526,0,0,0,0,2.3561969,0.7854004,turnL,true,0,0,11,ShuffleLeft,0.74999994,1,11->11:Exact,NONE
45,0.750000,0.016667,-8949.95,-132.493,83.529526,0,0,0,0,2.4085565,0.83776,turnL,true,0,0,11,ShuffleLeft,0.7666666,1,11->11:Exact,NONE
46,0.766667,0.016667,-8949.95,-132.493,83.529526,0,0,0,0,2.460916,0.89011955,turnL,true,0,0,11,ShuffleLeft,0.78333324,1,11->11:Exact,NONE
47,0.783333,0.016667,-8949.95,-132.493,83.529526,0,0,0,0,2.5132756,0.94247913,turnL,true,0,0,11,ShuffleLeft,0.7999999,1,11->11:Exact,NONE
48,0.800000,0.016667,-8949.95,-132.493,83.529526,0,0,0,0,2.5656352,0.9948387,turnL,true,0,0,11,ShuffleLeft,0.81666654,1,11->11:Exact,NONE
49,0.816667,0.016667,-8949.95,-132.493,83.529526,0,0,0,0,2.6179948,1.0471983,turnL,true,0,0,11,ShuffleLeft,0.8333332,1,11->11:Exact,NONE
50,0.833333,0.016667,-8949.95,-132.493,83.529526,0,0,0,0,2.6703544,1.0995579,turnL,true,0,0,11,ShuffleLeft,0.84999985,1,11->11:Exact,NONE
51,0.850000,0.016667,-8949.95,-132.493,83.529526,0,0,0,0,2.722714,1.1519175,turnL,true,0,0,11,ShuffleLeft,0.8666665,1,11->11:Exact,NONE
52,0.866667,0.016667,-8949.95,-132.493,83.529526,0,0,0,0,2.7750735,1.204277,turnL,true,0,0,11,ShuffleLeft,0.88333315,1,11->11:Exact,NONE
53,0.883333,0.016667,-8949.95,-132.493,83.529526,0,0,0,0,2.827433,1.2566366,turnL,true,0,0,11,ShuffleLeft,0.8999998,1,11->11:Exact,NONE
54,0.900000,0.016667,-8949.95,-132.493,83.529526,0,0,0,0,2.8797927,1.3089962,turnL,true,0,0,11,ShuffleLeft,0.91666645,1,11->11:Exact,NONE
55,0.916667,0.016667,-8949.95,-132.493,83.529526,0,0,0,0,2.9321523,1.3613558,turnL,true,0,0,11,ShuffleLeft,0.9333331,1,11->11:Exact,NONE
56,0.933333,0.016667,-8949.95,-132.493,83.529526,0,0,0,0,2.9845119,1.4137154,turnL,true,0,0,11,ShuffleLeft,0.94999975,1,11->11:Exact,NONE
57,0.950000,0.016667,-8949.95,-132.493,83.529526,0,0,0,0,3.0368714,1.466075,turnL,true,0,0,11,ShuffleLeft,0.9666664,1,11->11:Exact,NONE
58,0.966667,0.016667,-8949.95,-132.493,83.529526,0,0,0,0,3.089231,1.5184345,turnL,true,0,0,11,ShuffleLeft,0.98333305,1,11->11:Exact,NONE
59,0.983333,0.016667,-8949.95,-132.493,83.529526,0,0,0,0,3.1415906,1.5707941,turnL,true,0,0,11,ShuffleLeft,0.9999997,1,11->11:Exact,NONE
60,1.000000,0.016667,-8949.95,-132.493,83.529526,0,0,0,0,3.1939502,1.6231537,turnL,true,0,0,11,ShuffleLeft,1.0166664,1,11->11:Exact,NONE
61,1.016667,0.016667,-8949.95,-132.493,83.529526,0,0,0,0,3.2463098,1.6755133,turnL,true,0,0,11,ShuffleLeft,1.0333331,1,11->11:Exact,NONE
62,1.033333,0.016667,-8949.95,-132.493,83.529526,0,0,0,0,3.2986693,1.7278733,turnL,true,0,0,11,ShuffleLeft,1.0499997,1,11->11:Exact,NONE
63,1.050000,0.016667,-8949.95,-132.493,83.529526,0,0,0,0,3.351029,1.7802329,turnL,true,0,0,11,ShuffleLeft,1.0666664,1,11->11:Exact,NONE
64,1.066667,0.016667,-8949.95,-132.493,83.529526,0,0,0,0,3.4033885,1.8325925,turnL,true,0,0,11,ShuffleLeft,1.083333,1,11->11:Exact,NONE
65,1.083333,0.016667,-8949.95,-132.493,83.529526,0,0,0,0,3.455748,1.8849521,turnL,true,0,0,11,ShuffleLeft,1.0999997,1,11->11:Exact,NONE
66,1.100000,0.016667,-8949.95,-132.493,83.529526,0,0,0,0,3.5081077,1.9373116,turnL,true,0,0,11,ShuffleLeft,1.1166663,1,11->11:Exact,NONE
67,1.116667,0.016667,-8949.95,-132.493,83.529526,0,0,0,0,3.5604672,1.9896712,turnL,true,0,0,11,ShuffleLeft,1.133333,1,11->11:Exact,NONE
68,1.133333,0.016667,-8949.95,-132.493,83.529526,0,0,0,0,3.6128268,2.0420308,turnL,true,0,0,11,ShuffleLeft,1.1499996,1,11->11:Exact,NONE
69,1.150000,0.016667,-8949.95,-132.493,83.529526,0,0,0,0,3.6651864,2.0943894,turnL,true,0,0,11,ShuffleLeft,1.1666663,1,11->11:Exact,NONE
70,1.166667,0.016667,-8949.95,-132.493,83.529526,0,0,0,0,3.717546,2.14675,turnL,true,0,0,11,ShuffleLeft,1.1833329,1,11->11:Exact,NONE
71,1.183333,0.016667,-8949.95,-132.493,83.529526,0,0,0,0,3.7699056,2.1991086,turnL,true,0,0,11,ShuffleLeft,1.1999996,1,11->11:Exact,NONE
72,1.200000,0.016667,-8949.95,-132.493,83.529526,0,0,0,0,3.8222651,2.2514691,turnL,true,0,0,11,ShuffleLeft,1.2166662,1,11->11:Exact,NONE
73,1.216667,0.016667,-8949.95,-132.493,83.529526,0,0,0,0,3.8746247,2.3038278,turnL,true,0,0,11,ShuffleLeft,1.2333329,1,11->11:Exact,NONE
74,1.233333,0.016667,-8949.95,-132.493,83.529526,0,0,0,0,3.9269843,2.3561883,turnL,true,0,0,11,ShuffleLeft,1.2499995,1,11->11:Exact,NONE
75,1.250000,0.016667,-8949.95,-132.493,83.529526,0,0,0,0,3.979344,2.408547,turnL,true,0,0,11,ShuffleLeft,1.2666662,1,11->11:Exact,NONE
76,1.266667,0.016667,-8949.95,-132.493,83.529526,0,0,0,0,4.0317044,2.4609075,turnL,true,0,0,11,ShuffleLeft,1.2833328,1,11->11:Exact,NONE
77,1.283333,0.016667,-8949.95,-132.493,83.529526,0,0,0,0,4.084065,2.513268,turnL,true,0,0,11,ShuffleLeft,1.2999995,1,11->11:Exact,NONE
78,1.300000,0.016667,-8949.95,-132.493,83.529526,0,0,0,0,4.1364255,2.5656285,turnL,true,0,0,11,ShuffleLeft,1.3166661,1,11->11:Exact,NONE
79,1.316667,0.016667,-8949.95,-132.493,83.529526,0,0,0,0,4.188786,2.617989,turnL,true,0,0,11,ShuffleLeft,1.3333328,1,11->11:Exact,NONE
80,1.333333,0.016667,-8949.95,-132.493,83.529526,0,0,0,0,4.2411466,2.6703496,turnL,true,0,0,11,ShuffleLeft,1.3499994,1,11->11:Exact,NONE
81,1.350000,0.016667,-8949.95,-132.493,83.529526,0,0,0,0,4.293507,2.7227101,turnL,true,0,0,11,ShuffleLeft,1.3666661,1,11->11:Exact,NONE
82,1.366667,0.016667,-8949.95,-132.493,83.529526,0,0,0,0,4.3458676,2.7750707,turnL,true,0,0,11,ShuffleLeft,1.3833327,1,11->11:Exact,NONE
83,1.383333,0.016667,-8949.95,-132.493,83.529526,0,0,0,0,4.398228,2.8274312,turnL,true,0,0,11,ShuffleLeft,1.3999994,1,11->11:Exact,NONE
84,1.400000,0.016667,-8949.95,-132.493,83.529526,0,0,0,0,4.4505887,2.8797917,turnL,true,0,0,11,ShuffleLeft,1.416666,1,11->11:Exact,NONE
85,1.416667,0.016667,-8949.95,-132.493,83.529526,0,0,0,0,4.502949,2.9321523,turnL,true,0,0,11,ShuffleLeft,1.4333327,1,11->11:Exact,NONE
86,1.433333,0.016667,-8949.95,-132.493,83.529526,0,0,0,0,4.55531,2.9845128,turnL,true,0,0,11,ShuffleLeft,1.4499993,1,11->11:Exact,NONE
87,1.450000,0.016667,-8949.95,-132.493,83.529526,0,0,0,0,4.6076703,3.0368733,turnL,true,0,0,11,ShuffleLeft,1.466666,1,11->11:Exact,NONE
88,1.466667,0.016667,-8949.95,-132.493,83.529526,0,0,0,0,4.660031,3.0892339,turnL,true,0,0,11,ShuffleLeft,1.4833326,1,11->11:Exact,NONE
89,1.483333,0.016667,-8949.95,-132.493,83.529526,0,0,0,0,4.7123914,-3.141591,turnL,true,0,0,11,ShuffleLeft,1.4999993,1,11->11:Exact,NONE
90,1.500000,0.016667,-8949.95,-132.493,83.529526,0,0,0,0,4.764752,-3.08923,turnL,true,0,0,11,ShuffleLeft,1.5166659,1,11->11:Exact,NONE
91,1.516667,0.016667,-8949.95,-132.493,83.529526,0,0,0,0,4.8171124,-3.0368695,turnL,true,0,0,11,ShuffleLeft,1.5333326,1,11->11:Exact,NONE
92,1.533333,0.016667,-8949.95,-132.493,83.529526,0,0,0,0,4.869473,-2.984509,turnL,true,0,0,11,ShuffleLeft,1.5499992,1,11->11:Exact,NONE
93,1.550000,0.016667,-8949.95,-132.493,83.529526,0,0,0,0,4.9218335,-2.9321485,turnL,true,0,0,11,ShuffleLeft,1.5666659,1,11->11:Exact,NONE
94,1.566667,0.016667,-8949.95,-132.493,83.529526,0,0,0,0,4.974194,-2.879788,turnL,true,0,0,11,ShuffleLeft,1.5833325,1,11->11:Exact,NONE
95,1.583333,0.016667,-8949.95,-132.493,83.529526,0,0,0,0,5.0265546,-2.8274274,turnL,true,0,0,11,ShuffleLeft,1.5999992,1,11->11:Exact,NONE
96,1.600000,0.016667,-8949.95,-132.493,83.529526,0,0,0,0,5.078915,-2.7750669,turnL,true,0,0,11,ShuffleLeft,1.6166658,1,11->11:Exact,NONE
97,1.616667,0.016667,-8949.95,-132.493,83.529526,0,0,0,0,5.1312757,-2.7227063,turnL,true,0,0,11,ShuffleLeft,1.6333325,1,11->11:Exact,NONE
98,1.633333,0.016667,-8949.95,-132.493,83.529526,0,0,0,0,5.183636,-2.6703458,turnL,true,0,0,11,ShuffleLeft,1.6499991,1,11->11:Exact,NONE
99,1.650000,0.016667,-8949.95,-132.493,83.529526,0,0,0,0,5.2359967,-2.6179852,turnL,true,0,0,11,ShuffleLeft,1.6666658,1,11->11:Exact,NONE
100,1.666667,0.016667,-8949.95,-132.493,83.529526,0,0,0,0,5.2883573,-2.5656247,turnL,true,0,0,11,ShuffleLeft,1.6833324,1,11->11:Exact,NONE
101,1.683333,0.016667,-8949.95,-132.493,83.529526,0,0,0,0,5.340718,-2.5132642,turnL,true,0,0,11,ShuffleLeft,1.6999991,1,11->11:Exact,NONE
102,1.700000,0.016667,-8949.95,-132.493,83.529526,0,0,0,0,5.3930783,-2.4609036,turnL,true,0,0,11,ShuffleLeft,1.7166657,1,11->11:Exact,NONE
103,1.716667,0.016667,-8949.95,-132.493,83.529526,0,0,0,0,5.445439,-2.408543,turnL,true,0,0,11,ShuffleLeft,1.7333324,1,11->11:Exact,NONE
104,1.733333,0.016667,-8949.95,-132.493,83.529526,0,0,0,0,5.4977994,-2.3561826,turnL,true,0,0,11,ShuffleLeft,1.749999,1,11->11:Exact,NONE
105,1.750000,0.016667,-8949.95,-132.493,83.529526,0,0,0,0,5.55016,-2.303822,turnL,true,0,0,11,ShuffleLeft,1.7666657,1,11->11:Exact,NONE
106,1.766667,0.016667,-8949.95,-132.493,83.529526,0,0,0,0,5.6025205,-2.2514615,turnL,true,0,0,11,ShuffleLeft,1.7833323,1,11->11:Exact,NONE
107,1.783333,0.016667,-8949.95,-132.493,83.529526,0,0,0,0,5.654881,-2.199101,turnL,true,0,0,11,ShuffleLeft,1.799999,1,11->11:Exact,NONE
108,1.800000,0.016667,-8949.95,-132.493,83.529526,0,0,0,0,5.7072415,-2.1467404,turnL,true,0,0,11,ShuffleLeft,1.8166656,1,11->11:Exact,NONE
109,1.816667,0.016667,-8949.95,-132.493,83.529526,0,0,0,0,5.759602,-2.09438,turnL,true,0,0,11,ShuffleLeft,1.8333323,1,11->11:Exact,NONE
110,1.833333,0.016667,-8949.95,-132.493,83.529526,0,0,0,0,5.8119626,-2.0420194,turnL,true,0,0,11,ShuffleLeft,1.849999,1,11->11:Exact,NONE
111,1.850000,0.016667,-8949.95,-132.493,83.529526,0,0,0,0,5.864323,-1.9896588,turnL,true,0,0,11,ShuffleLeft,1.8666656,1,11->11:Exact,NONE
112,1.866667,0.016667,-8949.95,-132.493,83.529526,0,0,0,0,5.9166837,-1.9372983,turnL,true,0,0,11,ShuffleLeft,1.8833323,1,11->11:Exact,NONE
113,1.883333,0.016667,-8949.95,-132.493,83.529526,0,0,0,0,5.969044,-1.8849378,turnL,true,0,0,11,ShuffleLeft,1.8999989,1,11->11:Exact,NONE
114,1.900000,0.016667,-8949.95,-132.493,83.529526,0,0,0,0,6.0214047,-1.8325772,turnL,true,0,0,11,ShuffleLeft,1.9166656,1,11->11:Exact,NONE
115,1.916667,0.016667,-8949.95,-132.493,83.529526,0,0,0,0,6.0737653,-1.7802167,turnL,true,0,0,11,ShuffleLeft,1.9333322,1,11->11:Exact,NONE
116,1.933333,0.016667,-8949.95,-132.493,83.529526,0,0,0,0,6.126126,-1.7278562,turnL,true,0,0,11,ShuffleLeft,1.9499989,1,11->11:Exact,NONE
117,1.950000,0.016667,-8949.95,-132.493,83.529526,0,0,0,0,6.1784863,-1.6754956,turnL,true,0,0,11,ShuffleLeft,1.9666655,1,11->11:Exact,NONE
118,1.966667,0.016667,-8949.95,-132.493,83.529526,0,0,0,0,6.230847,-1.6231351,turnL,true,0,0,11,ShuffleLeft,1.9833322,1,11->11:Exact,NONE
119,1.983333,0.016667,-8949.95,-132.493,83.529526,0,0,0,0,2.1457672E-05,-1.570775,turnL,true,0,0,11,ShuffleLeft,1.9999988,1,11->11:Exact,NONE
120,2.000000,0.016667,-8949.95,-132.493,83.529526,0,0,0,0,2.1457672E-05,-1.151896,none,true,0,0,11,ShuffleLeft,2.0166655,1,11->11:Exact,NONE
121,2.016667,0.016667,-8949.95,-132.493,83.529526,0,0,0,0,2.1457672E-05,-0.73301697,none,true,0,0,11,ShuffleLeft,2.033332,1,11->11:Exact,NONE
122,2.033333,0.016667,-8949.95,-132.493,83.529526,0,0,0,0,2.1457672E-05,-0.31413794,none,true,0,0,11,ShuffleLeft,2.0499988,1,11->11:Exact,NONE
123,2.050000,0.016667,-8949.95,-132.493,83.529526,0,0,0,0,2.1457672E-05,2.1457672E-05,none,true,0,0,11,ShuffleLeft,2.0666654,1,11->11:Exact,NONE
124,2.066667,0.016667,-8949.95,-132.493,83.529526,0,0,0,0,2.1457672E-05,2.1457672E-05,none,true,0,0,0,Stand,0.016666668,1,0->0:Exact,NONE
125,2.083333,0.016667,-8949.95,-132.493,83.529526,0,0,0,0,2.1457672E-05,2.1457672E-05,none,true,0,0,0,Stand,0.033333335,1,0->0:Exact,NONE
126,2.100000,0.016667,-8949.95,-132.493,83.529526,0,0,0,0,2.1457672E-05,2.1457672E-05,none,true,0,0,0,Stand,0.050000004,1,0->0:Exact,NONE
127,2.116667,0.016667,-8949.95,-132.493,83.529526,0,0,0,0,2.1457672E-05,2.1457672E-05,none,true,0,0,0,Stand,0.06666667,1,0->0:Exact,NONE
128,2.133333,0.016667,-8949.95,-132.493,83.529526,0,0,0,0,2.1457672E-05,2.1457672E-05,none,true,0,0,0,Stand,0.083333336,1,0->0:Exact,NONE
129,2.150000,0.016667,-8949.95,-132.493,83.529526,0,0,0,0,2.1457672E-05,2.1457672E-05,none,true,0,0,0,Stand,0.1,1,0->0:Exact,NONE
130,2.166667,0.016667,-8949.95,-132.493,83.529526,0,0,0,0,2.1457672E-05,2.1457672E-05,none,true,0,0,0,Stand,0.11666667,1,0->0:Exact,NONE
131,2.183333,0.016667,-8949.95,-132.493,83.529526,0,0,0,0,2.1457672E-05,2.1457672E-05,none,true,0,0,0,Stand,0.13333334,1,0->0:Exact,NONE
132,2.200000,0.016667,-8949.95,-132.493,83.529526,0,0,0,0,2.1457672E-05,2.1457672E-05,none,true,0,0,0,Stand,0.15,1,0->0:Exact,NONE
133,2.216667,0.016667,-8949.95,-132.493,83.529526,0,0,0,0,2.1457672E-05,2.1457672E-05,none,true,0,0,0,Stand,0.16666667,1,0->0:Exact,NONE
134,2.233333,0.016667,-8949.95,-132.493,83.529526,0,0,0,0,2.1457672E-05,2.1457672E-05,none,true,0,0,0,Stand,0.18333334,1,0->0:Exact,NONE
135,2.250000,0.016667,-8949.95,-132.493,83.529526,0,0,0,0,2.1457672E-05,2.1457672E-05,none,true,0,0,0,Stand,0.2,1,0->0:Exact,NONE
136,2.266667,0.016667,-8949.95,-132.493,83.529526,0,0,0,0,2.1457672E-05,2.1457672E-05,none,true,0,0,0,Stand,0.21666667,1,0->0:Exact,NONE
137,2.283333,0.016667,-8949.95,-132.493,83.529526,0,0,0,0,2.1457672E-05,2.1457672E-05,none,true,0,0,0,Stand,0.23333333,1,0->0:Exact,NONE
138,2.300000,0.016667,-8949.95,-132.493,83.529526,0,0,0,0,2.1457672E-05,2.1457672E-05,none,true,0,0,0,Stand,0.25,1,0->0:Exact,NONE
139,2.316667,0.016667,-8949.95,-132.493,83.529526,0,0,0,0,2.1457672E-05,2.1457672E-05,none,true,0,0,0,Stand,0.26666668,1,0->0:Exact,NONE
140,2.333333,0.016667,-8949.95,-132.493,83.529526,0,0,0,0,2.1457672E-05,2.1457672E-05,none,true,0,0,0,Stand,0.28333336,1,0->0:Exact,NONE
141,2.350000,0.016667,-8949.95,-132.493,83.529526,0,0,0,0,2.1457672E-05,2.1457672E-05,none,true,0,0,0,Stand,0.30000004,1,0->0:Exact,NONE
142,2.366667,0.016667,-8949.95,-132.493,83.529526,0,0,0,0,2.1457672E-05,2.1457672E-05,none,true,0,0,0,Stand,0.31666672,1,0->0:Exact,NONE
143,2.383333,0.016667,-8949.95,-132.493,83.529526,0,0,0,0,2.1457672E-05,2.1457672E-05,none,true,0,0,0,Stand,0.3333334,1,0->0:Exact,NONE
144,2.400000,0.016667,-8949.95,-132.493,83.529526,0,0,0,0,2.1457672E-05,2.1457672E-05,none,true,0,0,0,Stand,0.35000008,1,0->0:Exact,NONE
145,2.416667,0.016667,-8949.95,-132.493,83.529526,0,0,0,0,2.1457672E-05,2.1457672E-05,none,true,0,0,0,Stand,0.36666676,1,0->0:Exact,NONE
146,2.433333,0.016667,-8949.95,-132.493,83.529526,0,0,0,0,2.1457672E-05,2.1457672E-05,none,true,0,0,0,Stand,0.38333344,1,0->0:Exact,NONE
147,2.450000,0.016667,-8949.95,-132.493,83.529526,0,0,0,0,2.1457672E-05,2.1457672E-05,none,true,0,0,0,Stand,0.40000013,1,0->0:Exact,NONE
148,2.466667,0.016667,-8949.95,-132.493,83.529526,0,0,0,0,2.1457672E-05,2.1457672E-05,none,true,0,0,0,Stand,0.4166668,1,0->0:Exact,NONE
149,2.483333,0.016667,-8949.95,-132.493,83.529526,0,0,0,0,2.1457672E-05,2.1457672E-05,none,true,0,0,0,Stand,0.4333335,1,0->0:Exact,NONE
150,2.500000,0.016667,-8949.95,-132.493,83.529526,0,0,0,0,2.1457672E-05,2.1457672E-05,none,true,0,0,0,Stand,0.45000017,1,0->0:Exact,NONE
