panel,element,type,parent,x,y,width,height,point,relativeTo,relativePoint,offsetX,offsetY,texture,font,fontPath,fontSize,color,layer,strata,bgFile,edgeFile,tileSize,edgeSize,insets,texCoords,source,assetSource,fontSource,coverage
"macro","MacroFrame","Frame","","0","0","384","512","TOPLEFT","","","0","-104","","","","","","","","","","","","","","interface.MPQ:Interface\FrameXML\MacroFrame.xml","","",""
"macro","MacroFramePortrait","Texture","MacroFrame","7","6","60","60","TOPLEFT","","","7","-6","Interface\MacroFrame\MacroFrame-Icon.blp","","","","","BACKGROUND","","","","","","","","interface.MPQ:Interface\FrameXML\MacroFrame.xml","interface.MPQ:Interface\MacroFrame\MacroFrame-Icon.blp","",""
"macro","MacroFrame/Texture","Texture","MacroFrame","0","0","256","256","TOPLEFT","","","","","Interface\PaperDollInfoFrame\UI-Character-General-TopLeft.blp","","","","","BORDER","","","","","","","","interface.MPQ:Interface\FrameXML\MacroFrame.xml","interface.MPQ:Interface\PaperDollInfoFrame\UI-Character-General-TopLeft.blp","",""
"macro","MacroFrame/Texture#2","Texture","MacroFrame","256","0","128","256","TOPRIGHT","","","","","Interface\PaperDollInfoFrame\UI-Character-General-TopRight.blp","","","","","BORDER","","","","","","","","interface.MPQ:Interface\FrameXML\MacroFrame.xml","interface.MPQ:Interface\PaperDollInfoFrame\UI-Character-General-TopRight.blp","",""
"macro","MacroFrame/Texture#3","Texture","MacroFrame","0","256","256","256","BOTTOMLEFT","","","","","Interface\MacroFrame\MacroFrame-BotLeft.blp","","","","","BORDER","","","","","","","","interface.MPQ:Interface\FrameXML\MacroFrame.xml","interface.MPQ:Interface\MacroFrame\MacroFrame-BotLeft.blp","",""
"macro","MacroFrame/Texture#4","Texture","MacroFrame","256","256","128","256","BOTTOMRIGHT","","","","","Interface\MacroFrame\MacroFrame-BotRight.blp","","","","","BORDER","","","","","","","","interface.MPQ:Interface\FrameXML\MacroFrame.xml","interface.MPQ:Interface\MacroFrame\MacroFrame-BotRight.blp","",""
"macro","MacroFrame/FontString","FontString","MacroFrame","","","","","TOP","MacroFrame","","0","-17","","GameFontNormal","Fonts\FRIZQT__.TTF","12","#FFD100FF","BORDER","","","","","","","","interface.MPQ:Interface\FrameXML\MacroFrame.xml","","fonts.MPQ:Fonts\FRIZQT__.TTF",""
"macro","MacroHorizontalBarLeft","Texture","MacroFrame","15","220","256","16","TOPLEFT","","","15","-220","Interface\ClassTrainerFrame\UI-ClassTrainer-HorizontalBar.blp","","","","","ARTWORK","","","","","","","0|0|1.0|0.25","interface.MPQ:Interface\FrameXML\MacroFrame.xml","interface.MPQ:Interface\ClassTrainerFrame\UI-ClassTrainer-HorizontalBar.blp","",""
"macro","MacroFrame/Texture#5","Texture","MacroFrame","271","220","75","16","LEFT","MacroHorizontalBarLeft","RIGHT","0","0","Interface\ClassTrainerFrame\UI-ClassTrainer-HorizontalBar.blp","","","","","ARTWORK","","","","","","","0|0.25|0.29296875|0.5","interface.MPQ:Interface\FrameXML\MacroFrame.xml","interface.MPQ:Interface\ClassTrainerFrame\UI-ClassTrainer-HorizontalBar.blp","",""
"macro","MacroFrameSelectedMacroBackground","Texture","MacroFrame","16","228","64","64","TOPLEFT","","","16","-228","Interface\Buttons\UI-EmptySlot.blp","","","","","ARTWORK","","","","","","","","interface.MPQ:Interface\FrameXML\MacroFrame.xml","interface.MPQ:Interface\Buttons\UI-EmptySlot.blp","",""
"macro","MacroFrameSelectedMacroName","FontString","MacroFrame","","","","","TOPLEFT","MacroFrameSelectedMacroBackground","TOPRIGHT","-4","-15","","GameFontNormalLarge","Fonts\FRIZQT__.TTF","16","#FFD100FF","ARTWORK","","","","","","","","interface.MPQ:Interface\FrameXML\MacroFrame.xml","","fonts.MPQ:Fonts\FRIZQT__.TTF",""
"macro","MacroFrameEnterMacroText","FontString","MacroFrame","","","","","TOPLEFT","MacroFrameSelectedMacroBackground","BOTTOMLEFT","8","0","","GameFontHighlightSmall","Fonts\FRIZQT__.TTF","10","#FFFFFFFF","ARTWORK","","","","","","","","interface.MPQ:Interface\FrameXML\MacroFrame.xml","","fonts.MPQ:Fonts\FRIZQT__.TTF",""
"macro","MacroFrameCharLimitText","FontString","MacroFrame","","","","","BOTTOM","","","-15","105","","GameFontHighlightSmall","Fonts\FRIZQT__.TTF","10","#FFFFFFFF","ARTWORK","","","","","","","","interface.MPQ:Interface\FrameXML\MacroFrame.xml","","fonts.MPQ:Fonts\FRIZQT__.TTF",""
"macro","MacroFrameSelectedMacroButton","CheckButton","MacroFrame","30","242","36","36","TOPLEFT","MacroFrameSelectedMacroBackground","","14","-14","","","","","","","","","","","","","","interface.MPQ:Interface\FrameXML\MacroFrame.xml","","",""
"macro","MacroFrameSelectedMacroButtonName","FontString","MacroFrameSelectedMacroButton","30","266","36","10","BOTTOM","","","0","2","","GameFontHighlightSmallOutline","Fonts\FRIZQT__.TTF","10","#FFFFFFFF","OVERLAY","","","","","","","","interface.MPQ:Interface\FrameXML\MacroFrame.xml","","fonts.MPQ:Fonts\FRIZQT__.TTF",""
"macro","MacroFrameSelectedMacroButton/Texture","Texture","MacroFrameSelectedMacroButton","16","229","64","64","CENTER","","","0","-1","Interface\Buttons\UI-EmptySlot-Disabled.blp","","","","","BACKGROUND","","","","","","","","interface.MPQ:Interface\FrameXML\MacroFrame.xml","interface.MPQ:Interface\Buttons\UI-EmptySlot-Disabled.blp","",""
"macro","MacroFrameSelectedMacroButtonIcon","NormalTexture","MacroFrameSelectedMacroButton","30","243","36","36","CENTER","","","0","-1","","","","","","","","","","","","","","interface.MPQ:Interface\FrameXML\MacroFrame.xml","","",""
"macro","MacroFrameSelectedMacroButton/HighlightTexture","HighlightTexture","MacroFrameSelectedMacroButton","30","242","36","36","","","","","","Interface\Buttons\ButtonHilight-Square.blp","","","","","","","","","","","","","interface.MPQ:Interface\FrameXML\MacroFrame.xml","interface.MPQ:Interface\Buttons\ButtonHilight-Square.blp","",""
"macro","MacroFrameSelectedMacroButton/CheckedTexture","CheckedTexture","MacroFrameSelectedMacroButton","30","242","36","36","","","","","","Interface\Buttons\CheckButtonHilight.blp","","","","","","","","","","","","","interface.MPQ:Interface\FrameXML\MacroFrame.xml","interface.MPQ:Interface\Buttons\CheckButtonHilight.blp","",""
"macro","MacroButton1","CheckButton","MacroFrame","42","83","36","36","TOPLEFT","","","42","-83","","","","","","","","","","","","","","interface.MPQ:Interface\FrameXML\MacroFrame.xml","","",""
"macro","MacroButton1Name","FontString","MacroButton1","42","107","36","10","BOTTOM","","","0","2","","GameFontHighlightSmallOutline","Fonts\FRIZQT__.TTF","10","#FFFFFFFF","OVERLAY","","","","","","","","interface.MPQ:Interface\FrameXML\MacroFrame.xml","","fonts.MPQ:Fonts\FRIZQT__.TTF",""
"macro","MacroButton1/Texture","Texture","MacroButton1","28","70","64","64","CENTER","","","0","-1","Interface\Buttons\UI-EmptySlot-Disabled.blp","","","","","BACKGROUND","","","","","","","","interface.MPQ:Interface\FrameXML\MacroFrame.xml","interface.MPQ:Interface\Buttons\UI-EmptySlot-Disabled.blp","",""
"macro","MacroButton1Icon","NormalTexture","MacroButton1","42","84","36","36","CENTER","","","0","-1","","","","","","","","","","","","","","interface.MPQ:Interface\FrameXML\MacroFrame.xml","","",""
"macro","MacroButton1/HighlightTexture","HighlightTexture","MacroButton1","42","83","36","36","","","","","","Interface\Buttons\ButtonHilight-Square.blp","","","","","","","","","","","","","interface.MPQ:Interface\FrameXML\MacroFrame.xml","interface.MPQ:Interface\Buttons\ButtonHilight-Square.blp","",""
"macro","MacroButton1/CheckedTexture","CheckedTexture","MacroButton1","42","83","36","36","","","","","","Interface\Buttons\CheckButtonHilight.blp","","","","","","","","","","","","","interface.MPQ:Interface\FrameXML\MacroFrame.xml","interface.MPQ:Interface\Buttons\CheckButtonHilight.blp","",""
"macro","MacroButton2","CheckButton","MacroFrame","91","83","36","36","LEFT","MacroButton1","RIGHT","13","0","","","","","","","","","","","","","","interface.MPQ:Interface\FrameXML\MacroFrame.xml","","",""
"macro","MacroButton2Name","FontString","MacroButton2","91","107","36","10","BOTTOM","","","0","2","","GameFontHighlightSmallOutline","Fonts\FRIZQT__.TTF","10","#FFFFFFFF","OVERLAY","","","","","","","","interface.MPQ:Interface\FrameXML\MacroFrame.xml","","fonts.MPQ:Fonts\FRIZQT__.TTF",""
"macro","MacroButton2/Texture","Texture","MacroButton2","77","70","64","64","CENTER","","","0","-1","Interface\Buttons\UI-EmptySlot-Disabled.blp","","","","","BACKGROUND","","","","","","","","interface.MPQ:Interface\FrameXML\MacroFrame.xml","interface.MPQ:Interface\Buttons\UI-EmptySlot-Disabled.blp","",""
"macro","MacroButton2Icon","NormalTexture","MacroButton2","91","84","36","36","CENTER","","","0","-1","","","","","","","","","","","","","","interface.MPQ:Interface\FrameXML\MacroFrame.xml","","",""
"macro","MacroButton2/HighlightTexture","HighlightTexture","MacroButton2","91","83","36","36","","","","","","Interface\Buttons\ButtonHilight-Square.blp","","","","","","","","","","","","","interface.MPQ:Interface\FrameXML\MacroFrame.xml","interface.MPQ:Interface\Buttons\ButtonHilight-Square.blp","",""
"macro","MacroButton2/CheckedTexture","CheckedTexture","MacroButton2","91","83","36","36","","","","","","Interface\Buttons\CheckButtonHilight.blp","","","","","","","","","","","","","interface.MPQ:Interface\FrameXML\MacroFrame.xml","interface.MPQ:Interface\Buttons\CheckButtonHilight.blp","",""
"macro","MacroButton3","CheckButton","MacroFrame","140","83","36","36","LEFT","MacroButton2","RIGHT","13","0","","","","","","","","","","","","","","interface.MPQ:Interface\FrameXML\MacroFrame.xml","","",""
"macro","MacroButton3Name","FontString","MacroButton3","140","107","36","10","BOTTOM","","","0","2","","GameFontHighlightSmallOutline","Fonts\FRIZQT__.TTF","10","#FFFFFFFF","OVERLAY","","","","","","","","interface.MPQ:Interface\FrameXML\MacroFrame.xml","","fonts.MPQ:Fonts\FRIZQT__.TTF",""
"macro","MacroButton3/Texture","Texture","MacroButton3","126","70","64","64","CENTER","","","0","-1","Interface\Buttons\UI-EmptySlot-Disabled.blp","","","","","BACKGROUND","","","","","","","","interface.MPQ:Interface\FrameXML\MacroFrame.xml","interface.MPQ:Interface\Buttons\UI-EmptySlot-Disabled.blp","",""
"macro","MacroButton3Icon","NormalTexture","MacroButton3","140","84","36","36","CENTER","","","0","-1","","","","","","","","","","","","","","interface.MPQ:Interface\FrameXML\MacroFrame.xml","","",""
"macro","MacroButton3/HighlightTexture","HighlightTexture","MacroButton3","140","83","36","36","","","","","","Interface\Buttons\ButtonHilight-Square.blp","","","","","","","","","","","","","interface.MPQ:Interface\FrameXML\MacroFrame.xml","interface.MPQ:Interface\Buttons\ButtonHilight-Square.blp","",""
"macro","MacroButton3/CheckedTexture","CheckedTexture","MacroButton3","140","83","36","36","","","","","","Interface\Buttons\CheckButtonHilight.blp","","","","","","","","","","","","","interface.MPQ:Interface\FrameXML\MacroFrame.xml","interface.MPQ:Interface\Buttons\CheckButtonHilight.blp","",""
"macro","MacroButton4","CheckButton","MacroFrame","189","83","36","36","LEFT","MacroButton3","RIGHT","13","0","","","","","","","","","","","","","","interface.MPQ:Interface\FrameXML\MacroFrame.xml","","",""
"macro","MacroButton4Name","FontString","MacroButton4","189","107","36","10","BOTTOM","","","0","2","","GameFontHighlightSmallOutline","Fonts\FRIZQT__.TTF","10","#FFFFFFFF","OVERLAY","","","","","","","","interface.MPQ:Interface\FrameXML\MacroFrame.xml","","fonts.MPQ:Fonts\FRIZQT__.TTF",""
"macro","MacroButton4/Texture","Texture","MacroButton4","175","70","64","64","CENTER","","","0","-1","Interface\Buttons\UI-EmptySlot-Disabled.blp","","","","","BACKGROUND","","","","","","","","interface.MPQ:Interface\FrameXML\MacroFrame.xml","interface.MPQ:Interface\Buttons\UI-EmptySlot-Disabled.blp","",""
"macro","MacroButton4Icon","NormalTexture","MacroButton4","189","84","36","36","CENTER","","","0","-1","","","","","","","","","","","","","","interface.MPQ:Interface\FrameXML\MacroFrame.xml","","",""
"macro","MacroButton4/HighlightTexture","HighlightTexture","MacroButton4","189","83","36","36","","","","","","Interface\Buttons\ButtonHilight-Square.blp","","","","","","","","","","","","","interface.MPQ:Interface\FrameXML\MacroFrame.xml","interface.MPQ:Interface\Buttons\ButtonHilight-Square.blp","",""
"macro","MacroButton4/CheckedTexture","CheckedTexture","MacroButton4","189","83","36","36","","","","","","Interface\Buttons\CheckButtonHilight.blp","","","","","","","","","","","","","interface.MPQ:Interface\FrameXML\MacroFrame.xml","interface.MPQ:Interface\Buttons\CheckButtonHilight.blp","",""
"macro","MacroButton5","CheckButton","MacroFrame","238","83","36","36","LEFT","MacroButton4","RIGHT","13","0","","","","","","","","","","","","","","interface.MPQ:Interface\FrameXML\MacroFrame.xml","","",""
"macro","MacroButton5Name","FontString","MacroButton5","238","107","36","10","BOTTOM","","","0","2","","GameFontHighlightSmallOutline","Fonts\FRIZQT__.TTF","10","#FFFFFFFF","OVERLAY","","","","","","","","interface.MPQ:Interface\FrameXML\MacroFrame.xml","","fonts.MPQ:Fonts\FRIZQT__.TTF",""
"macro","MacroButton5/Texture","Texture","MacroButton5","224","70","64","64","CENTER","","","0","-1","Interface\Buttons\UI-EmptySlot-Disabled.blp","","","","","BACKGROUND","","","","","","","","interface.MPQ:Interface\FrameXML\MacroFrame.xml","interface.MPQ:Interface\Buttons\UI-EmptySlot-Disabled.blp","",""
"macro","MacroButton5Icon","NormalTexture","MacroButton5","238","84","36","36","CENTER","","","0","-1","","","","","","","","","","","","","","interface.MPQ:Interface\FrameXML\MacroFrame.xml","","",""
"macro","MacroButton5/HighlightTexture","HighlightTexture","MacroButton5","238","83","36","36","","","","","","Interface\Buttons\ButtonHilight-Square.blp","","","","","","","","","","","","","interface.MPQ:Interface\FrameXML\MacroFrame.xml","interface.MPQ:Interface\Buttons\ButtonHilight-Square.blp","",""
"macro","MacroButton5/CheckedTexture","CheckedTexture","MacroButton5","238","83","36","36","","","","","","Interface\Buttons\CheckButtonHilight.blp","","","","","","","","","","","","","interface.MPQ:Interface\FrameXML\MacroFrame.xml","interface.MPQ:Interface\Buttons\CheckButtonHilight.blp","",""
"macro","MacroButton6","CheckButton","MacroFrame","287","83","36","36","LEFT","MacroButton5","RIGHT","13","0","","","","","","","","","","","","","","interface.MPQ:Interface\FrameXML\MacroFrame.xml","","",""
"macro","MacroButton6Name","FontString","MacroButton6","287","107","36","10","BOTTOM","","","0","2","","GameFontHighlightSmallOutline","Fonts\FRIZQT__.TTF","10","#FFFFFFFF","OVERLAY","","","","","","","","interface.MPQ:Interface\FrameXML\MacroFrame.xml","","fonts.MPQ:Fonts\FRIZQT__.TTF",""
"macro","MacroButton6/Texture","Texture","MacroButton6","273","70","64","64","CENTER","","","0","-1","Interface\Buttons\UI-EmptySlot-Disabled.blp","","","","","BACKGROUND","","","","","","","","interface.MPQ:Interface\FrameXML\MacroFrame.xml","interface.MPQ:Interface\Buttons\UI-EmptySlot-Disabled.blp","",""
"macro","MacroButton6Icon","NormalTexture","MacroButton6","287","84","36","36","CENTER","","","0","-1","","","","","","","","","","","","","","interface.MPQ:Interface\FrameXML\MacroFrame.xml","","",""
"macro","MacroButton6/HighlightTexture","HighlightTexture","MacroButton6","287","83","36","36","","","","","","Interface\Buttons\ButtonHilight-Square.blp","","","","","","","","","","","","","interface.MPQ:Interface\FrameXML\MacroFrame.xml","interface.MPQ:Interface\Buttons\ButtonHilight-Square.blp","",""
"macro","MacroButton6/CheckedTexture","CheckedTexture","MacroButton6","287","83","36","36","","","","","","Interface\Buttons\CheckButtonHilight.blp","","","","","","","","","","","","","interface.MPQ:Interface\FrameXML\MacroFrame.xml","interface.MPQ:Interface\Buttons\CheckButtonHilight.blp","",""
"macro","MacroButton7","CheckButton","MacroFrame","42","129","36","36","TOP","MacroButton1","BOTTOM","0","-10","","","","","","","","","","","","","","interface.MPQ:Interface\FrameXML\MacroFrame.xml","","",""
"macro","MacroButton7Name","FontString","MacroButton7","42","153","36","10","BOTTOM","","","0","2","","GameFontHighlightSmallOutline","Fonts\FRIZQT__.TTF","10","#FFFFFFFF","OVERLAY","","","","","","","","interface.MPQ:Interface\FrameXML\MacroFrame.xml","","fonts.MPQ:Fonts\FRIZQT__.TTF",""
"macro","MacroButton7/Texture","Texture","MacroButton7","28","116","64","64","CENTER","","","0","-1","Interface\Buttons\UI-EmptySlot-Disabled.blp","","","","","BACKGROUND","","","","","","","","interface.MPQ:Interface\FrameXML\MacroFrame.xml","interface.MPQ:Interface\Buttons\UI-EmptySlot-Disabled.blp","",""
"macro","MacroButton7Icon","NormalTexture","MacroButton7","42","130","36","36","CENTER","","","0","-1","","","","","","","","","","","","","","interface.MPQ:Interface\FrameXML\MacroFrame.xml","","",""
"macro","MacroButton7/HighlightTexture","HighlightTexture","MacroButton7","42","129","36","36","","","","","","Interface\Buttons\ButtonHilight-Square.blp","","","","","","","","","","","","","interface.MPQ:Interface\FrameXML\MacroFrame.xml","interface.MPQ:Interface\Buttons\ButtonHilight-Square.blp","",""
"macro","MacroButton7/CheckedTexture","CheckedTexture","MacroButton7","42","129","36","36","","","","","","Interface\Buttons\CheckButtonHilight.blp","","","","","","","","","","","","","interface.MPQ:Interface\FrameXML\MacroFrame.xml","interface.MPQ:Interface\Buttons\CheckButtonHilight.blp","",""
"macro","MacroButton8","CheckButton","MacroFrame","91","129","36","36","LEFT","MacroButton7","RIGHT","13","0","","","","","","","","","","","","","","interface.MPQ:Interface\FrameXML\MacroFrame.xml","","",""
"macro","MacroButton8Name","FontString","MacroButton8","91","153","36","10","BOTTOM","","","0","2","","GameFontHighlightSmallOutline","Fonts\FRIZQT__.TTF","10","#FFFFFFFF","OVERLAY","","","","","","","","interface.MPQ:Interface\FrameXML\MacroFrame.xml","","fonts.MPQ:Fonts\FRIZQT__.TTF",""
"macro","MacroButton8/Texture","Texture","MacroButton8","77","116","64","64","CENTER","","","0","-1","Interface\Buttons\UI-EmptySlot-Disabled.blp","","","","","BACKGROUND","","","","","","","","interface.MPQ:Interface\FrameXML\MacroFrame.xml","interface.MPQ:Interface\Buttons\UI-EmptySlot-Disabled.blp","",""
"macro","MacroButton8Icon","NormalTexture","MacroButton8","91","130","36","36","CENTER","","","0","-1","","","","","","","","","","","","","","interface.MPQ:Interface\FrameXML\MacroFrame.xml","","",""
"macro","MacroButton8/HighlightTexture","HighlightTexture","MacroButton8","91","129","36","36","","","","","","Interface\Buttons\ButtonHilight-Square.blp","","","","","","","","","","","","","interface.MPQ:Interface\FrameXML\MacroFrame.xml","interface.MPQ:Interface\Buttons\ButtonHilight-Square.blp","",""
"macro","MacroButton8/CheckedTexture","CheckedTexture","MacroButton8","91","129","36","36","","","","","","Interface\Buttons\CheckButtonHilight.blp","","","","","","","","","","","","","interface.MPQ:Interface\FrameXML\MacroFrame.xml","interface.MPQ:Interface\Buttons\CheckButtonHilight.blp","",""
"macro","MacroButton9","CheckButton","MacroFrame","140","129","36","36","LEFT","MacroButton8","RIGHT","13","0","","","","","","","","","","","","","","interface.MPQ:Interface\FrameXML\MacroFrame.xml","","",""
"macro","MacroButton9Name","FontString","MacroButton9","140","153","36","10","BOTTOM","","","0","2","","GameFontHighlightSmallOutline","Fonts\FRIZQT__.TTF","10","#FFFFFFFF","OVERLAY","","","","","","","","interface.MPQ:Interface\FrameXML\MacroFrame.xml","","fonts.MPQ:Fonts\FRIZQT__.TTF",""
"macro","MacroButton9/Texture","Texture","MacroButton9","126","116","64","64","CENTER","","","0","-1","Interface\Buttons\UI-EmptySlot-Disabled.blp","","","","","BACKGROUND","","","","","","","","interface.MPQ:Interface\FrameXML\MacroFrame.xml","interface.MPQ:Interface\Buttons\UI-EmptySlot-Disabled.blp","",""
"macro","MacroButton9Icon","NormalTexture","MacroButton9","140","130","36","36","CENTER","","","0","-1","","","","","","","","","","","","","","interface.MPQ:Interface\FrameXML\MacroFrame.xml","","",""
"macro","MacroButton9/HighlightTexture","HighlightTexture","MacroButton9","140","129","36","36","","","","","","Interface\Buttons\ButtonHilight-Square.blp","","","","","","","","","","","","","interface.MPQ:Interface\FrameXML\MacroFrame.xml","interface.MPQ:Interface\Buttons\ButtonHilight-Square.blp","",""
"macro","MacroButton9/CheckedTexture","CheckedTexture","MacroButton9","140","129","36","36","","","","","","Interface\Buttons\CheckButtonHilight.blp","","","","","","","","","","","","","interface.MPQ:Interface\FrameXML\MacroFrame.xml","interface.MPQ:Interface\Buttons\CheckButtonHilight.blp","",""
"macro","MacroButton10","CheckButton","MacroFrame","189","129","36","36","LEFT","MacroButton9","RIGHT","13","0","","","","","","","","","","","","","","interface.MPQ:Interface\FrameXML\MacroFrame.xml","","",""
"macro","MacroButton10Name","FontString","MacroButton10","189","153","36","10","BOTTOM","","","0","2","","GameFontHighlightSmallOutline","Fonts\FRIZQT__.TTF","10","#FFFFFFFF","OVERLAY","","","","","","","","interface.MPQ:Interface\FrameXML\MacroFrame.xml","","fonts.MPQ:Fonts\FRIZQT__.TTF",""
"macro","MacroButton10/Texture","Texture","MacroButton10","175","116","64","64","CENTER","","","0","-1","Interface\Buttons\UI-EmptySlot-Disabled.blp","","","","","BACKGROUND","","","","","","","","interface.MPQ:Interface\FrameXML\MacroFrame.xml","interface.MPQ:Interface\Buttons\UI-EmptySlot-Disabled.blp","",""
"macro","MacroButton10Icon","NormalTexture","MacroButton10","189","130","36","36","CENTER","","","0","-1","","","","","","","","","","","","","","interface.MPQ:Interface\FrameXML\MacroFrame.xml","","",""
"macro","MacroButton10/HighlightTexture","HighlightTexture","MacroButton10","189","129","36","36","","","","","","Interface\Buttons\ButtonHilight-Square.blp","","","","","","","","","","","","","interface.MPQ:Interface\FrameXML\MacroFrame.xml","interface.MPQ:Interface\Buttons\ButtonHilight-Square.blp","",""
"macro","MacroButton10/CheckedTexture","CheckedTexture","MacroButton10","189","129","36","36","","","","","","Interface\Buttons\CheckButtonHilight.blp","","","","","","","","","","","","","interface.MPQ:Interface\FrameXML\MacroFrame.xml","interface.MPQ:Interface\Buttons\CheckButtonHilight.blp","",""
"macro","MacroButton11","CheckButton","MacroFrame","238","129","36","36","LEFT","MacroButton10","RIGHT","13","0","","","","","","","","","","","","","","interface.MPQ:Interface\FrameXML\MacroFrame.xml","","",""
"macro","MacroButton11Name","FontString","MacroButton11","238","153","36","10","BOTTOM","","","0","2","","GameFontHighlightSmallOutline","Fonts\FRIZQT__.TTF","10","#FFFFFFFF","OVERLAY","","","","","","","","interface.MPQ:Interface\FrameXML\MacroFrame.xml","","fonts.MPQ:Fonts\FRIZQT__.TTF",""
"macro","MacroButton11/Texture","Texture","MacroButton11","224","116","64","64","CENTER","","","0","-1","Interface\Buttons\UI-EmptySlot-Disabled.blp","","","","","BACKGROUND","","","","","","","","interface.MPQ:Interface\FrameXML\MacroFrame.xml","interface.MPQ:Interface\Buttons\UI-EmptySlot-Disabled.blp","",""
"macro","MacroButton11Icon","NormalTexture","MacroButton11","238","130","36","36","CENTER","","","0","-1","","","","","","","","","","","","","","interface.MPQ:Interface\FrameXML\MacroFrame.xml","","",""
"macro","MacroButton11/HighlightTexture","HighlightTexture","MacroButton11","238","129","36","36","","","","","","Interface\Buttons\ButtonHilight-Square.blp","","","","","","","","","","","","","interface.MPQ:Interface\FrameXML\MacroFrame.xml","interface.MPQ:Interface\Buttons\ButtonHilight-Square.blp","",""
"macro","MacroButton11/CheckedTexture","CheckedTexture","MacroButton11","238","129","36","36","","","","","","Interface\Buttons\CheckButtonHilight.blp","","","","","","","","","","","","","interface.MPQ:Interface\FrameXML\MacroFrame.xml","interface.MPQ:Interface\Buttons\CheckButtonHilight.blp","",""
"macro","MacroButton12","CheckButton","MacroFrame","287","129","36","36","LEFT","MacroButton11","RIGHT","13","0","","","","","","","","","","","","","","interface.MPQ:Interface\FrameXML\MacroFrame.xml","","",""
"macro","MacroButton12Name","FontString","MacroButton12","287","153","36","10","BOTTOM","","","0","2","","GameFontHighlightSmallOutline","Fonts\FRIZQT__.TTF","10","#FFFFFFFF","OVERLAY","","","","","","","","interface.MPQ:Interface\FrameXML\MacroFrame.xml","","fonts.MPQ:Fonts\FRIZQT__.TTF",""
"macro","MacroButton12/Texture","Texture","MacroButton12","273","116","64","64","CENTER","","","0","-1","Interface\Buttons\UI-EmptySlot-Disabled.blp","","","","","BACKGROUND","","","","","","","","interface.MPQ:Interface\FrameXML\MacroFrame.xml","interface.MPQ:Interface\Buttons\UI-EmptySlot-Disabled.blp","",""
"macro","MacroButton12Icon","NormalTexture","MacroButton12","287","130","36","36","CENTER","","","0","-1","","","","","","","","","","","","","","interface.MPQ:Interface\FrameXML\MacroFrame.xml","","",""
"macro","MacroButton12/HighlightTexture","HighlightTexture","MacroButton12","287","129","36","36","","","","","","Interface\Buttons\ButtonHilight-Square.blp","","","","","","","","","","","","","interface.MPQ:Interface\FrameXML\MacroFrame.xml","interface.MPQ:Interface\Buttons\ButtonHilight-Square.blp","",""
"macro","MacroButton12/CheckedTexture","CheckedTexture","MacroButton12","287","129","36","36","","","","","","Interface\Buttons\CheckButtonHilight.blp","","","","","","","","","","","","","interface.MPQ:Interface\FrameXML\MacroFrame.xml","interface.MPQ:Interface\Buttons\CheckButtonHilight.blp","",""
"macro","MacroButton13","CheckButton","MacroFrame","42","175","36","36","TOP","MacroButton7","BOTTOM","0","-10","","","","","","","","","","","","","","interface.MPQ:Interface\FrameXML\MacroFrame.xml","","",""
"macro","MacroButton13Name","FontString","MacroButton13","42","199","36","10","BOTTOM","","","0","2","","GameFontHighlightSmallOutline","Fonts\FRIZQT__.TTF","10","#FFFFFFFF","OVERLAY","","","","","","","","interface.MPQ:Interface\FrameXML\MacroFrame.xml","","fonts.MPQ:Fonts\FRIZQT__.TTF",""
"macro","MacroButton13/Texture","Texture","MacroButton13","28","162","64","64","CENTER","","","0","-1","Interface\Buttons\UI-EmptySlot-Disabled.blp","","","","","BACKGROUND","","","","","","","","interface.MPQ:Interface\FrameXML\MacroFrame.xml","interface.MPQ:Interface\Buttons\UI-EmptySlot-Disabled.blp","",""
"macro","MacroButton13Icon","NormalTexture","MacroButton13","42","176","36","36","CENTER","","","0","-1","","","","","","","","","","","","","","interface.MPQ:Interface\FrameXML\MacroFrame.xml","","",""
"macro","MacroButton13/HighlightTexture","HighlightTexture","MacroButton13","42","175","36","36","","","","","","Interface\Buttons\ButtonHilight-Square.blp","","","","","","","","","","","","","interface.MPQ:Interface\FrameXML\MacroFrame.xml","interface.MPQ:Interface\Buttons\ButtonHilight-Square.blp","",""
"macro","MacroButton13/CheckedTexture","CheckedTexture","MacroButton13","42","175","36","36","","","","","","Interface\Buttons\CheckButtonHilight.blp","","","","","","","","","","","","","interface.MPQ:Interface\FrameXML\MacroFrame.xml","interface.MPQ:Interface\Buttons\CheckButtonHilight.blp","",""
"macro","MacroButton14","CheckButton","MacroFrame","91","175","36","36","LEFT","MacroButton13","RIGHT","13","0","","","","","","","","","","","","","","interface.MPQ:Interface\FrameXML\MacroFrame.xml","","",""
"macro","MacroButton14Name","FontString","MacroButton14","91","199","36","10","BOTTOM","","","0","2","","GameFontHighlightSmallOutline","Fonts\FRIZQT__.TTF","10","#FFFFFFFF","OVERLAY","","","","","","","","interface.MPQ:Interface\FrameXML\MacroFrame.xml","","fonts.MPQ:Fonts\FRIZQT__.TTF",""
"macro","MacroButton14/Texture","Texture","MacroButton14","77","162","64","64","CENTER","","","0","-1","Interface\Buttons\UI-EmptySlot-Disabled.blp","","","","","BACKGROUND","","","","","","","","interface.MPQ:Interface\FrameXML\MacroFrame.xml","interface.MPQ:Interface\Buttons\UI-EmptySlot-Disabled.blp","",""
"macro","MacroButton14Icon","NormalTexture","MacroButton14","91","176","36","36","CENTER","","","0","-1","","","","","","","","","","","","","","interface.MPQ:Interface\FrameXML\MacroFrame.xml","","",""
"macro","MacroButton14/HighlightTexture","HighlightTexture","MacroButton14","91","175","36","36","","","","","","Interface\Buttons\ButtonHilight-Square.blp","","","","","","","","","","","","","interface.MPQ:Interface\FrameXML\MacroFrame.xml","interface.MPQ:Interface\Buttons\ButtonHilight-Square.blp","",""
"macro","MacroButton14/CheckedTexture","CheckedTexture","MacroButton14","91","175","36","36","","","","","","Interface\Buttons\CheckButtonHilight.blp","","","","","","","","","","","","","interface.MPQ:Interface\FrameXML\MacroFrame.xml","interface.MPQ:Interface\Buttons\CheckButtonHilight.blp","",""
"macro","MacroButton15","CheckButton","MacroFrame","140","175","36","36","LEFT","MacroButton14","RIGHT","13","0","","","","","","","","","","","","","","interface.MPQ:Interface\FrameXML\MacroFrame.xml","","",""
"macro","MacroButton15Name","FontString","MacroButton15","140","199","36","10","BOTTOM","","","0","2","","GameFontHighlightSmallOutline","Fonts\FRIZQT__.TTF","10","#FFFFFFFF","OVERLAY","","","","","","","","interface.MPQ:Interface\FrameXML\MacroFrame.xml","","fonts.MPQ:Fonts\FRIZQT__.TTF",""
"macro","MacroButton15/Texture","Texture","MacroButton15","126","162","64","64","CENTER","","","0","-1","Interface\Buttons\UI-EmptySlot-Disabled.blp","","","","","BACKGROUND","","","","","","","","interface.MPQ:Interface\FrameXML\MacroFrame.xml","interface.MPQ:Interface\Buttons\UI-EmptySlot-Disabled.blp","",""
"macro","MacroButton15Icon","NormalTexture","MacroButton15","140","176","36","36","CENTER","","","0","-1","","","","","","","","","","","","","","interface.MPQ:Interface\FrameXML\MacroFrame.xml","","",""
"macro","MacroButton15/HighlightTexture","HighlightTexture","MacroButton15","140","175","36","36","","","","","","Interface\Buttons\ButtonHilight-Square.blp","","","","","","","","","","","","","interface.MPQ:Interface\FrameXML\MacroFrame.xml","interface.MPQ:Interface\Buttons\ButtonHilight-Square.blp","",""
"macro","MacroButton15/CheckedTexture","CheckedTexture","MacroButton15","140","175","36","36","","","","","","Interface\Buttons\CheckButtonHilight.blp","","","","","","","","","","","","","interface.MPQ:Interface\FrameXML\MacroFrame.xml","interface.MPQ:Interface\Buttons\CheckButtonHilight.blp","",""
"macro","MacroButton16","CheckButton","MacroFrame","189","175","36","36","LEFT","MacroButton15","RIGHT","13","0","","","","","","","","","","","","","","interface.MPQ:Interface\FrameXML\MacroFrame.xml","","",""
"macro","MacroButton16Name","FontString","MacroButton16","189","199","36","10","BOTTOM","","","0","2","","GameFontHighlightSmallOutline","Fonts\FRIZQT__.TTF","10","#FFFFFFFF","OVERLAY","","","","","","","","interface.MPQ:Interface\FrameXML\MacroFrame.xml","","fonts.MPQ:Fonts\FRIZQT__.TTF",""
"macro","MacroButton16/Texture","Texture","MacroButton16","175","162","64","64","CENTER","","","0","-1","Interface\Buttons\UI-EmptySlot-Disabled.blp","","","","","BACKGROUND","","","","","","","","interface.MPQ:Interface\FrameXML\MacroFrame.xml","interface.MPQ:Interface\Buttons\UI-EmptySlot-Disabled.blp","",""
"macro","MacroButton16Icon","NormalTexture","MacroButton16","189","176","36","36","CENTER","","","0","-1","","","","","","","","","","","","","","interface.MPQ:Interface\FrameXML\MacroFrame.xml","","",""
"macro","MacroButton16/HighlightTexture","HighlightTexture","MacroButton16","189","175","36","36","","","","","","Interface\Buttons\ButtonHilight-Square.blp","","","","","","","","","","","","","interface.MPQ:Interface\FrameXML\MacroFrame.xml","interface.MPQ:Interface\Buttons\ButtonHilight-Square.blp","",""
"macro","MacroButton16/CheckedTexture","CheckedTexture","MacroButton16","189","175","36","36","","","","","","Interface\Buttons\CheckButtonHilight.blp","","","","","","","","","","","","","interface.MPQ:Interface\FrameXML\MacroFrame.xml","interface.MPQ:Interface\Buttons\CheckButtonHilight.blp","",""
"macro","MacroButton17","CheckButton","MacroFrame","238","175","36","36","LEFT","MacroButton16","RIGHT","13","0","","","","","","","","","","","","","","interface.MPQ:Interface\FrameXML\MacroFrame.xml","","",""
"macro","MacroButton17Name","FontString","MacroButton17","238","199","36","10","BOTTOM","","","0","2","","GameFontHighlightSmallOutline","Fonts\FRIZQT__.TTF","10","#FFFFFFFF","OVERLAY","","","","","","","","interface.MPQ:Interface\FrameXML\MacroFrame.xml","","fonts.MPQ:Fonts\FRIZQT__.TTF",""
"macro","MacroButton17/Texture","Texture","MacroButton17","224","162","64","64","CENTER","","","0","-1","Interface\Buttons\UI-EmptySlot-Disabled.blp","","","","","BACKGROUND","","","","","","","","interface.MPQ:Interface\FrameXML\MacroFrame.xml","interface.MPQ:Interface\Buttons\UI-EmptySlot-Disabled.blp","",""
"macro","MacroButton17Icon","NormalTexture","MacroButton17","238","176","36","36","CENTER","","","0","-1","","","","","","","","","","","","","","interface.MPQ:Interface\FrameXML\MacroFrame.xml","","",""
"macro","MacroButton17/HighlightTexture","HighlightTexture","MacroButton17","238","175","36","36","","","","","","Interface\Buttons\ButtonHilight-Square.blp","","","","","","","","","","","","","interface.MPQ:Interface\FrameXML\MacroFrame.xml","interface.MPQ:Interface\Buttons\ButtonHilight-Square.blp","",""
"macro","MacroButton17/CheckedTexture","CheckedTexture","MacroButton17","238","175","36","36","","","","","","Interface\Buttons\CheckButtonHilight.blp","","","","","","","","","","","","","interface.MPQ:Interface\FrameXML\MacroFrame.xml","interface.MPQ:Interface\Buttons\CheckButtonHilight.blp","",""
"macro","MacroButton18","CheckButton","MacroFrame","287","175","36","36","LEFT","MacroButton17","RIGHT","13","0","","","","","","","","","","","","","","interface.MPQ:Interface\FrameXML\MacroFrame.xml","","",""
"macro","MacroButton18Name","FontString","MacroButton18","287","199","36","10","BOTTOM","","","0","2","","GameFontHighlightSmallOutline","Fonts\FRIZQT__.TTF","10","#FFFFFFFF","OVERLAY","","","","","","","","interface.MPQ:Interface\FrameXML\MacroFrame.xml","","fonts.MPQ:Fonts\FRIZQT__.TTF",""
"macro","MacroButton18/Texture","Texture","MacroButton18","273","162","64","64","CENTER","","","0","-1","Interface\Buttons\UI-EmptySlot-Disabled.blp","","","","","BACKGROUND","","","","","","","","interface.MPQ:Interface\FrameXML\MacroFrame.xml","interface.MPQ:Interface\Buttons\UI-EmptySlot-Disabled.blp","",""
"macro","MacroButton18Icon","NormalTexture","MacroButton18","287","176","36","36","CENTER","","","0","-1","","","","","","","","","","","","","","interface.MPQ:Interface\FrameXML\MacroFrame.xml","","",""
"macro","MacroButton18/HighlightTexture","HighlightTexture","MacroButton18","287","175","36","36","","","","","","Interface\Buttons\ButtonHilight-Square.blp","","","","","","","","","","","","","interface.MPQ:Interface\FrameXML\MacroFrame.xml","interface.MPQ:Interface\Buttons\ButtonHilight-Square.blp","",""
"macro","MacroButton18/CheckedTexture","CheckedTexture","MacroButton18","287","175","36","36","","","","","","Interface\Buttons\CheckButtonHilight.blp","","","","","","","","","","","","","interface.MPQ:Interface\FrameXML\MacroFrame.xml","interface.MPQ:Interface\Buttons\CheckButtonHilight.blp","",""
"macro","MacroFrameTextButton","Button","MacroFrame","","","286","85","TOPLEFT","MacroFrameText","","","","","","","","","","","","","","","","","interface.MPQ:Interface\FrameXML\MacroFrame.xml","","",""
"macro","MacroFrameTextBackground","Frame","MacroFrame","18","305","322","95","TOPLEFT","MacroFrame","","18","-305","","","","","","","","Interface\Tooltips\UI-Tooltip-Background.blp","Interface\Tooltips\UI-Tooltip-Border.blp","16","16","5|5|5|5","","interface.MPQ:Interface\FrameXML\MacroFrame.xml","interface.MPQ:Interface\Tooltips\UI-Tooltip-Background.blp|interface.MPQ:Interface\Tooltips\UI-Tooltip-Border.blp","",""
"macro","MacroFrameTab","Frame","MacroFrame","115","42","154","32","TOP","","","0","-42","","","","","","","","","","","","","","interface.MPQ:Interface\FrameXML\MacroFrame.xml","","",""
"macro","MacroFrameTabLeft","Texture","MacroFrameTab","115","42","16","32","BOTTOMLEFT","","","","","Interface\HelpFrame\HelpFrameTab-Inactive.blp","","","","","BACKGROUND","","","","","","","0|0|0.25|1.0","interface.MPQ:Interface\FrameXML\MacroFrame.xml","interface.MPQ:Interface\HelpFrame\HelpFrameTab-Inactive.blp","",""
"macro","MacroFrameTabMiddle","Texture","MacroFrameTab","131","42","122","32","LEFT","MacroFrameTabLeft","RIGHT","","","Interface\HelpFrame\HelpFrameTab-Inactive.blp","","","","","BACKGROUND","","","","","","","0.25|0|0.75|1.0","interface.MPQ:Interface\FrameXML\MacroFrame.xml","interface.MPQ:Interface\HelpFrame\HelpFrameTab-Inactive.blp","",""
"macro","MacroFrameTabRight","Texture","MacroFrameTab","253","42","16","32","LEFT","MacroFrameTabMiddle","RIGHT","","","Interface\HelpFrame\HelpFrameTab-Inactive.blp","","","","","BACKGROUND","","","","","","","0.75|0|1.0|1.0","interface.MPQ:Interface\FrameXML\MacroFrame.xml","interface.MPQ:Interface\HelpFrame\HelpFrameTab-Inactive.blp","",""
"macro","MacroFrameTabText","FontString","MacroFrameTab","","","","","TOP","MacroFrameTabMiddle","","0","-14","","GameFontHighlight","Fonts\FRIZQT__.TTF","12","#FFFFFFFF","BACKGROUND","","","","","","","","interface.MPQ:Interface\FrameXML\MacroFrame.xml","","fonts.MPQ:Fonts\FRIZQT__.TTF",""
"macro","MacroEditButton","Button","MacroFrame","67","258","170","22","TOPLEFT","MacroFrameSelectedMacroBackground","","51","-30","Interface\Buttons\UI-Panel-Button-Up.blp","GameFontNormal","Fonts\FRIZQT__.TTF","12","#FFD100FF","","","","","","","","","interface.MPQ:Interface\FrameXML\MacroFrame.xml","interface.MPQ:Interface\Buttons\UI-Panel-Button-Up.blp","fonts.MPQ:Fonts\FRIZQT__.TTF",""
"macro","MacroEditButton/NormalTexture","NormalTexture","MacroEditButton","67","258","170","22","","","","","","Interface\Buttons\UI-Panel-Button-Up.blp","","","","","","","","","","","","0|0|0.625|0.6875","patch.MPQ:Interface\FrameXML\UIPanelTemplates.xml","interface.MPQ:Interface\Buttons\UI-Panel-Button-Up.blp","",""
"macro","MacroEditButton/PushedTexture","PushedTexture","MacroEditButton","67","258","170","22","","","","","","Interface\Buttons\UI-Panel-Button-Down.blp","","","","","","","","","","","","0|0|0.625|0.6875","patch.MPQ:Interface\FrameXML\UIPanelTemplates.xml","interface.MPQ:Interface\Buttons\UI-Panel-Button-Down.blp","",""
"macro","MacroEditButton/DisabledTexture","DisabledTexture","MacroEditButton","67","258","170","22","","","","","","Interface\Buttons\UI-Panel-Button-Disabled.blp","","","","","","","","","","","","0|0|0.625|0.6875","patch.MPQ:Interface\FrameXML\UIPanelTemplates.xml","interface.MPQ:Interface\Buttons\UI-Panel-Button-Disabled.blp","",""
"macro","MacroEditButton/HighlightTexture","HighlightTexture","MacroEditButton","67","258","170","22","","","","","","Interface\Buttons\UI-Panel-Button-Highlight.blp","","","","","","","","","","","","0|0|0.625|0.6875","patch.MPQ:Interface\FrameXML\UIPanelTemplates.xml","interface.MPQ:Interface\Buttons\UI-Panel-Button-Highlight.blp","",""
"macro","MacroDeleteButton","Button","MacroFrame","17","411","80","22","BOTTOMLEFT","MacroFrame","","17","79","Interface\Buttons\UI-Panel-Button-Disabled.blp","GameFontHighlight","Fonts\FRIZQT__.TTF","12","#FFFFFFFF","","","","","","","","","interface.MPQ:Interface\FrameXML\MacroFrame.xml","interface.MPQ:Interface\Buttons\UI-Panel-Button-Disabled.blp","fonts.MPQ:Fonts\FRIZQT__.TTF",""
"macro","MacroDeleteButton/NormalTexture","NormalTexture","MacroDeleteButton","17","411","80","22","","","","","","Interface\Buttons\UI-Panel-Button-Disabled.blp","","","","","","","","","","","","0|0|0.625|0.6875","patch.MPQ:Interface\FrameXML\UIPanelTemplates.xml","interface.MPQ:Interface\Buttons\UI-Panel-Button-Disabled.blp","",""
"macro","MacroDeleteButton/PushedTexture","PushedTexture","MacroDeleteButton","17","411","80","22","","","","","","Interface\Buttons\UI-Panel-Button-Disabled-Down.blp","","","","","","","","","","","","0|0|0.625|0.6875","patch.MPQ:Interface\FrameXML\UIPanelTemplates.xml","interface.MPQ:Interface\Buttons\UI-Panel-Button-Disabled-Down.blp","",""
"macro","MacroDeleteButton/DisabledTexture","DisabledTexture","MacroDeleteButton","17","411","80","22","","","","","","Interface\Buttons\UI-Panel-Button-Disabled.blp","","","","","","","","","","","","0|0|0.625|0.6875","patch.MPQ:Interface\FrameXML\UIPanelTemplates.xml","interface.MPQ:Interface\Buttons\UI-Panel-Button-Disabled.blp","",""
"macro","MacroDeleteButton/HighlightTexture","HighlightTexture","MacroDeleteButton","17","411","80","22","","","","","","Interface\Buttons\UI-Panel-Button-Highlight.blp","","","","","","","","","","","","0|0|0.625|0.6875","patch.MPQ:Interface\FrameXML\UIPanelTemplates.xml","interface.MPQ:Interface\Buttons\UI-Panel-Button-Highlight.blp","",""
"macro","MacroNewButton","Button","MacroFrame","182","411","80","22","CENTER","MacroFrame","TOPLEFT","222","-422","Interface\Buttons\UI-Panel-Button-Up.blp","GameFontNormal","Fonts\FRIZQT__.TTF","12","#FFD100FF","","","","","","","","","interface.MPQ:Interface\FrameXML\MacroFrame.xml","interface.MPQ:Interface\Buttons\UI-Panel-Button-Up.blp","fonts.MPQ:Fonts\FRIZQT__.TTF",""
"macro","MacroNewButton/NormalTexture","NormalTexture","MacroNewButton","182","411","80","22","","","","","","Interface\Buttons\UI-Panel-Button-Up.blp","","","","","","","","","","","","0|0|0.625|0.6875","patch.MPQ:Interface\FrameXML\UIPanelTemplates.xml","interface.MPQ:Interface\Buttons\UI-Panel-Button-Up.blp","",""
"macro","MacroNewButton/PushedTexture","PushedTexture","MacroNewButton","182","411","80","22","","","","","","Interface\Buttons\UI-Panel-Button-Down.blp","","","","","","","","","","","","0|0|0.625|0.6875","patch.MPQ:Interface\FrameXML\UIPanelTemplates.xml","interface.MPQ:Interface\Buttons\UI-Panel-Button-Down.blp","",""
"macro","MacroNewButton/DisabledTexture","DisabledTexture","MacroNewButton","182","411","80","22","","","","","","Interface\Buttons\UI-Panel-Button-Disabled.blp","","","","","","","","","","","","0|0|0.625|0.6875","patch.MPQ:Interface\FrameXML\UIPanelTemplates.xml","interface.MPQ:Interface\Buttons\UI-Panel-Button-Disabled.blp","",""
"macro","MacroNewButton/HighlightTexture","HighlightTexture","MacroNewButton","182","411","80","22","","","","","","Interface\Buttons\UI-Panel-Button-Highlight.blp","","","","","","","","","","","","0|0|0.625|0.6875","patch.MPQ:Interface\FrameXML\UIPanelTemplates.xml","interface.MPQ:Interface\Buttons\UI-Panel-Button-Highlight.blp","",""
"macro","MacroExitButton","Button","MacroFrame","263","411","80","22","CENTER","MacroFrame","TOPLEFT","303","-422","Interface\Buttons\UI-Panel-Button-Up.blp","GameFontNormal","Fonts\FRIZQT__.TTF","12","#FFD100FF","","","","","","","","","interface.MPQ:Interface\FrameXML\MacroFrame.xml","interface.MPQ:Interface\Buttons\UI-Panel-Button-Up.blp","fonts.MPQ:Fonts\FRIZQT__.TTF",""
"macro","MacroExitButton/NormalTexture","NormalTexture","MacroExitButton","263","411","80","22","","","","","","Interface\Buttons\UI-Panel-Button-Up.blp","","","","","","","","","","","","0|0|0.625|0.6875","patch.MPQ:Interface\FrameXML\UIPanelTemplates.xml","interface.MPQ:Interface\Buttons\UI-Panel-Button-Up.blp","",""
"macro","MacroExitButton/PushedTexture","PushedTexture","MacroExitButton","263","411","80","22","","","","","","Interface\Buttons\UI-Panel-Button-Down.blp","","","","","","","","","","","","0|0|0.625|0.6875","patch.MPQ:Interface\FrameXML\UIPanelTemplates.xml","interface.MPQ:Interface\Buttons\UI-Panel-Button-Down.blp","",""
"macro","MacroExitButton/DisabledTexture","DisabledTexture","MacroExitButton","263","411","80","22","","","","","","Interface\Buttons\UI-Panel-Button-Disabled.blp","","","","","","","","","","","","0|0|0.625|0.6875","patch.MPQ:Interface\FrameXML\UIPanelTemplates.xml","interface.MPQ:Interface\Buttons\UI-Panel-Button-Disabled.blp","",""
"macro","MacroExitButton/HighlightTexture","HighlightTexture","MacroExitButton","263","411","80","22","","","","","","Interface\Buttons\UI-Panel-Button-Highlight.blp","","","","","","","","","","","","0|0|0.625|0.6875","patch.MPQ:Interface\FrameXML\UIPanelTemplates.xml","interface.MPQ:Interface\Buttons\UI-Panel-Button-Highlight.blp","",""
"macro","MacroFrameCloseButton","Button","MacroFrame","323","8","32","32","TOPRIGHT","MacroFrame","TOPRIGHT","-29","-8","Interface\Buttons\UI-Panel-MinimizeButton-Up.blp","","","","","","","","","","","","","interface.MPQ:Interface\FrameXML\MacroFrame.xml","interface.MPQ:Interface\Buttons\UI-Panel-MinimizeButton-Up.blp","",""
"macro","MacroFrameCloseButton/NormalTexture","NormalTexture","MacroFrameCloseButton","323","8","32","32","","","","","","Interface\Buttons\UI-Panel-MinimizeButton-Up.blp","","","","","","","","","","","","","patch.MPQ:Interface\FrameXML\UIPanelTemplates.xml","interface.MPQ:Interface\Buttons\UI-Panel-MinimizeButton-Up.blp","",""
"macro","MacroFrameCloseButton/PushedTexture","PushedTexture","MacroFrameCloseButton","323","8","32","32","","","","","","Interface\Buttons\UI-Panel-MinimizeButton-Down.blp","","","","","","","","","","","","","patch.MPQ:Interface\FrameXML\UIPanelTemplates.xml","interface.MPQ:Interface\Buttons\UI-Panel-MinimizeButton-Down.blp","",""
"macro","MacroFrameCloseButton/HighlightTexture","HighlightTexture","MacroFrameCloseButton","323","8","32","32","","","","","","Interface\Buttons\UI-Panel-MinimizeButton-Highlight.blp","","","","","","","","","","","","","patch.MPQ:Interface\FrameXML\UIPanelTemplates.xml","interface.MPQ:Interface\Buttons\UI-Panel-MinimizeButton-Highlight.blp","",""
